<?xml version="1.0" encoding="UTF-8"?>
<beans
     xmlns="http://www.springframework.org/schema/beans"
     xmlns:beans="http://www.springframework.org/schema/beans"
     xmlns:atom="http://www.w3.org/2005/Atom"
     xmlns:cc="http://www.capeclear.com/assembly/10"
     xmlns:cloud="urn:com.workday/esb/cloud/10.0"
     xmlns:env="http://schemas.xmlsoap.org/soap/envelope/"
     xmlns:SOAP-ENV="http://schemas.xmlsoap.org/soap/envelope/"
     xmlns:pi="urn:com.workday/picof"
     xmlns:wd="urn:com.workday/bsvc"
     xmlns:xsi="http://www.w3.org/2001/XMLSchema-instance">
 
	<cc:assembly id="WorkdayAssembly" version="2021.10">
        <cc:workday-in id="StartHere" routes-to="CallInitalization">
            <cc:integration-system name="INT10140 Third Party Payroll Errors Inbound">
        <cloud:param name="Validation Mode">
          <cloud:type>
            <cloud:simple-type>boolean</cloud:simple-type>
          </cloud:type>
          <cloud:default>
            <cloud:boolean>false</cloud:boolean>
          </cloud:default>
        </cloud:param>
        <cloud:param name="Initiate Start DateTime">
          <cloud:type>
            <cloud:simple-type>datetime</cloud:simple-type>
          </cloud:type>
        </cloud:param>
        <cloud:param name="Initiate End DateTime">
          <cloud:type>
            <cloud:simple-type>datetime</cloud:simple-type>
          </cloud:type>
        </cloud:param>
        <cloud:param name="Integration System">
          <cloud:type>
            <cloud:class-report-field description="Integration System." type="WID" singular="true">d69e425ae998413ca1f51870f6827698</cloud:class-report-field>
          </cloud:type>
        </cloud:param>
        <cloud:attribute-map-service name="INT10140_Generic">
          <cloud:attribute name="Document Retention Policy">
            <cloud:type>
              <cloud:simple-type>text</cloud:simple-type>
            </cloud:type>
          </cloud:attribute>
          <cloud:attribute name="WWS Version">
            <cloud:type>
              <cloud:simple-type>text</cloud:simple-type>
            </cloud:type>
          </cloud:attribute>
          <cloud:map name="Severity">
            <cloud:internal-type>
              <cloud:class-report-field description="Severity" type="WID">595fb1145c1a4ae78e8cf8e852da68f6</cloud:class-report-field>
            </cloud:internal-type>
            <cloud:external-type>
              <cloud:simple-type>text</cloud:simple-type>
            </cloud:external-type>
          </cloud:map>
          <cloud:map name="Pay Group">
            <cloud:internal-type>
              <cloud:class-report-field description="Pay Group for Payroll Interface" type="WID">b7faa802659042e49038747d46d157d9</cloud:class-report-field>
            </cloud:internal-type>
            <cloud:external-type>
              <cloud:simple-type>text</cloud:simple-type>
            </cloud:external-type>
          </cloud:map>
        </cloud:attribute-map-service>
        <cloud:retrieval-service name="INT10140_Retrieval"/>
        <cloud:report-service name="INT10140_Report">
          <cloud:report-alias description="INT10140 Integration Event Details" name="INT10140 Report">
            <cloud:report-reference description="INT10140 Integration Event Details" type="WID">6836d93698b4012533df82b8ca3d0018</cloud:report-reference>
          </cloud:report-alias>
        </cloud:report-service>
      </cc:integration-system>
        </cc:workday-in>
        <cc:local-in id="Initalization" routes-to="Init"/>
        <cc:local-out id="CallInitalization" store-message="none" routes-response-to="CallReport" endpoint="vm://INT10140_Third_Party_Payroll_Errors_Inbound/Initalization"/>
        <cc:async-mediation id="Init" handle-downstream-errors="true">
            <cc:steps>
                <cc:eval id="LP">
                    <cc:expression>props['lp.validation.mode'] = lp.getSimpleData('Validation Mode');</cc:expression>
                    <cc:expression>props['lp.startDateTime'] = lp.getSimpleData('Initiate Start DateTime');</cc:expression>
                    <cc:expression>props['lp.endDateTime'] = lp.getSimpleData('Initiate End DateTime');</cc:expression>
                    <cc:expression>props['lp.intSystemID'] = lp.getReferenceData('Integration System', 'WID');</cc:expression>
                </cc:eval>
                <cc:eval id="attr">
                    <cc:expression>props['ia.doc.retention.policy'] = intsys.getAttribute('Document Retention Policy');</cc:expression>
                    <cc:expression>props['ia.wws.version'] = intsys.getAttribute('WWS Version');</cc:expression>
                    <cc:expression>props['success.count'] = 0; props['error.count'] = 0; props['count'] = 0;</cc:expression>
                </cc:eval>
            </cc:steps>
            <cc:send-error id="SendError" routes-to="Error_Init"/>
        </cc:async-mediation>
        <cc:local-out id="Error_Init" routes-response-to="abort1" endpoint="vm://wcc/PutIntegrationMessage"><cc:set name="is.message.severity" value="'CRITICAL'"/><cc:set name="is.message.summary" value="context.errorMessage"/></cc:local-out>
        <cc:send-error id="global-error-handler" rethrow-error="false" routes-to="Note-Error"/>
        <cc:local-out id="Note-Error" endpoint="vm://wcc/PutIntegrationMessage">
            <cc:set name="is.message.severity" value="'CRITICAL'"/>
            <cc:set name="is.message.summary" value="context.errorMessage"/>
        </cc:local-out>
        <cc:local-out id="CallRetrieveFile" store-message="none" routes-response-to="CallLoadError" endpoint="vm://INT10140_Third_Party_Payroll_Errors_Inbound/RetrieveFile"/>
        <cc:local-in id="RetrieveFile" routes-to="getFile"/>
        <cc:async-mediation id="fileDetails" handle-downstream-errors="true">
            <cc:steps>
                <cc:csv-to-xml id="CsvToXml" input="variable" input-variable="wd.retrieve.variable" format="rfc4180" rootName="Errors" rowName="Worker" useFirstLineAsHeader="'true'"/>
                <cc:copy id="Copy" output="variable" output-variable="var.input.xml" input="message"/>
            </cc:steps>
            <cc:send-error id="SendError" routes-to="Error_FileDetails"/>
        </cc:async-mediation>
        <cc:local-out id="Error_FileDetails" endpoint="vm://wcc/PutIntegrationMessage"><cc:set name="is.message.severity" value="'ERROR'"/><cc:set name="is.message.summary" value="context.errorMessage"/></cc:local-out>
        <cc:local-in id="LoadError" routes-to="inputFile"/>
        <cc:local-out id="CallLoadError" store-message="none" routes-response-to="CallCloudLog" endpoint="vm://INT10140_Third_Party_Payroll_Errors_Inbound/LoadError"/>
        <cc:async-mediation id="inputFile" routes-to="Splitter" handle-downstream-errors="true">
            <cc:steps>
                <cc:copy id="Copy" input="variable" input-variable="var.input.xml"/>
            </cc:steps>
            <cc:send-error id="SendError" routes-to="Error_IP"/>
        </cc:async-mediation>
        <cc:splitter id="Splitter" no-split-message-error="true">
            <cc:sub-route name="SubRoute" routes-to="Process_errorRecord"/>
            <cc:xml-stream-splitter xpath="/Errors/Worker"/>
        </cc:splitter>
        <cc:local-out id="Error_IP" endpoint="vm://wcc/PutIntegrationMessage">
            <cc:set name="is.message.severity" value="'ERROR'"/>
            <cc:set name="is.message.summary" value="context.errorMessage"/>
        </cc:local-out>
        <cc:async-mediation id="Process_errorRecord" routes-to="call_PI" handle-downstream-errors="true">
            <cc:steps>
                <cc:eval id="reset">
                    <cc:expression>props['input.EEID'] = &quot;&quot;; props['input.recordType'] = &quot;&quot;;  props['input.EventID'] = &quot;&quot;;</cc:expression>
                    <cc:expression>props['input.msgCategory'] = &quot;&quot;; props['input.functArea'] = &quot;&quot;; props['input.severity'] = &quot;&quot;;</cc:expression>
                    <cc:expression>props['input.errorMsg'] = &quot;&quot;; props['input.paygroup'] = &quot;&quot;;</cc:expression>
                </cc:eval>
                <cc:eval id="getValue">
                    <cc:expression>props['count'] = props['count'] + 1;</cc:expression>
                    <cc:expression>props['input.EventID'] = parts[0].xpath('Worker/Event-WID');</cc:expression>
                    <cc:expression>props['input.EEID'] = parts[0].xpath('Worker/EE-ID');</cc:expression>
                    <cc:expression>props['input.recordType'] = parts[0].xpath('Worker/Record-Type');</cc:expression>
                    <cc:expression>props['input.msgCategory'] = parts[0].xpath('Worker/Message-Category');</cc:expression>
                    <cc:expression>props['input.functArea'] = parts[0].xpath('Worker/Functional-Area');</cc:expression>
                    <cc:expression>props['input.errorMsg'] = parts[0].xpath('Worker/Error-Message');</cc:expression>
                    <cc:expression>props['input.severity'] = parts[0].xpath('Worker/Severity');&#xD;
props['input.severity'] = intsys.integrationMapReverseLookup('Severity',props['input.severity'], false).get(0).getReferenceData('Message_Severity_Level');</cc:expression>
                    <cc:expression>props['input.paygroup'] = parts[0].xpath('Worker/Pay-Group');&#xD;
props['input.paygroup'] = intsys.integrationMapReverseLookup('Pay Group',props['input.paygroup'], false).get(0).getReferenceData('WID');</cc:expression>
                </cc:eval>
                <cc:write id="wwsReq">
                    <cc:message>
                        <cc:text>&lt;?xml version=&quot;1.0&quot; encoding=&quot;UTF-8&quot;?>&#xD;
&lt;env:Envelope&#xD;
    xmlns:env=&quot;http://schemas.xmlsoap.org/soap/envelope/&quot;&#xD;
    xmlns:xsd=&quot;http://www.w3.org/2001/XMLSchema&quot;>&#xD;
    &lt;env:Body>&#xD;
        &lt;wd:Put_Integration_Event_Error_Message_Set_Request&#xD;
            xmlns:wd=&quot;urn:com.workday/bsvc&quot;>&#xD;
            &lt;wd:Integration_Event_Error_Message_Set_Data>&#xD;
                &lt;wd:Integration_Event_Reference>&#xD;
                    &lt;wd:ID wd:type=&quot;WID&quot;>@{props['rpt.intEventID']}&lt;/wd:ID>&#xD;
                &lt;/wd:Integration_Event_Reference>&#xD;
                &lt;wd:Pay_Group_Reference>&#xD;
                    &lt;wd:ID wd:type=&quot;WID&quot;>@{props['input.paygroup']}&lt;/wd:ID>&#xD;
                &lt;/wd:Pay_Group_Reference>&#xD;
                &#xD;
                &lt;wd:Integration_Event_Error_Message_Worker_Data>&#xD;
                    &lt;wd:Is_Worker_Data>true&lt;/wd:Is_Worker_Data>&#xD;
                    &lt;wd:Worker_Reference>&#xD;
                        &lt;wd:ID wd:type=&quot;Employee_ID&quot;>@{props['input.EEID']}&lt;/wd:ID>&#xD;
                    &lt;/wd:Worker_Reference>&#xD;
                    &#xD;
                    &lt;wd:Integration_Event_Error_Message_Data>&#xD;
                        &lt;wd:Record_Type>@{props['input.recordType']}&lt;/wd:Record_Type>&#xD;
                        &lt;wd:Message_Category>@{props['input.msgCategory']}&lt;/wd:Message_Category>&#xD;
                        &lt;wd:Functional_Area>@{props['input.functArea']}&lt;/wd:Functional_Area>&#xD;
                        &lt;wd:Severity_Reference>&#xD;
                            &lt;wd:ID wd:type=&quot;Message_Severity_Level&quot;>@{props['input.severity']}&lt;/wd:ID>&#xD;
                        &lt;/wd:Severity_Reference>&#xD;
                        &lt;wd:Vendor_Error_Message>@{props['input.errorMsg']}&lt;/wd:Vendor_Error_Message>&#xD;
                    &lt;/wd:Integration_Event_Error_Message_Data>&#xD;
                    &#xD;
                &lt;/wd:Integration_Event_Error_Message_Worker_Data>&#xD;
            &lt;/wd:Integration_Event_Error_Message_Set_Data>&#xD;
        &lt;/wd:Put_Integration_Event_Error_Message_Set_Request>&#xD;
    &lt;/env:Body>&#xD;
&lt;/env:Envelope></cc:text>
                    </cc:message>
                </cc:write>
                <cc:set-headers execute-when="props['lp.validation.mode'] == 1" id="SetHeaders_On"><cc:remove-headers/><cc:add-headers>
    <cc:add-header name="X-Validate-Only" value="1"/>
</cc:add-headers></cc:set-headers>
            </cc:steps>
            <cc:send-error id="SendError" routes-to="errorLog"/>
        </cc:async-mediation>
        <cc:workday-out-soap id="call_PI" routes-response-to="loadError" application="Payroll_Interface" version="@{props['ia.wws.version']}"/>
        <cc:async-mediation id="loadError" handle-downstream-errors="true">
            <cc:steps>
                <cc:set-headers execute-when="props['lp.validation.mode'] == 1" id="SetHeaders_Off"><cc:remove-headers>
    <cc:remove-header name="X-Validate-Only"/>
</cc:remove-headers><cc:add-headers/></cc:set-headers>
                <cc:eval id="Eval">
                    <cc:expression>props['success.count'] = props['success.count'] + 1;</cc:expression>
                </cc:eval>
                <cc:cloud-log id="CloudLog" message="Third Party Payroll Error successfully loaded" message-details="Success" reference-id="props['input.EEID']"/>
            </cc:steps>
        </cc:async-mediation>
        <cc:async-mediation id="errorLog" handle-downstream-errors="true">
            <cc:steps>
                <cc:set-headers execute-when="props['lp.validation.mode'] == 1" id="SetHeaders_Off"><cc:remove-headers>
    <cc:remove-header name="X-Validate-Only"/>
</cc:remove-headers><cc:add-headers/></cc:set-headers>
                <cc:eval id="Eval">
                    <cc:expression>props['error.count'] = props['error.count'] + 1;</cc:expression>
                    <cc:expression>props['message'] = parts[0].xpathB('/SOAP-ENV:Envelope/SOAP-ENV:Body/SOAP-ENV:Fault/faultcode') ? parts[0].xpath('/SOAP-ENV:Envelope/SOAP-ENV:Body/SOAP-ENV:Fault/faultstring');</cc:expression>
                </cc:eval>
                <cc:cloud-log id="CloudLog" level="error" message="Error occured while processing Third Party Payroll Errors" message-details="@{props['message']}" reference-id="props['input.EEID']"/>
            </cc:steps>
        </cc:async-mediation>
        <cc:local-out id="CallCloudLog" store-message="none" endpoint="vm://INT10140_Third_Party_Payroll_Errors_Inbound/CloudLog"/>
        <cc:local-in id="CloudLog" routes-to="storeLog"/>
        <cc:async-mediation id="storeLog" routes-to="TotalRecord">
            <cc:steps>
                <cc:store id="Store" input="variable" input-variable="cloud-log-content" createDocumentReference="true" expiresIn="P@{props['ia.doc.retention.policy']}D" title="INT10140_Audit_Log.html"/>
            </cc:steps>
        </cc:async-mediation>
        <cc:local-out id="TotalRecord" execute-when="props['count'] > 0" routes-response-to="TotalError" endpoint="vm://wcc/PutIntegrationMessage">
            <cc:set name="is.message.severity" value="'INFO'"/>
            <cc:set name="is.message.summary" value="'Total count of records proccessed are ' # props['count']"/>
        </cc:local-out>
        <cc:local-out id="TotalError" execute-when="props['error.count'] > 0" routes-response-to="TotalSuccess" endpoint="vm://wcc/PutIntegrationMessage">
            <cc:set name="is.message.severity" value="'ERROR'"/>
            <cc:set name="is.message.summary" value="props['error.count'] # ' error(s) encountered during processing.'"/>
        </cc:local-out>
        <cc:local-out id="TotalSuccess" execute-when="props['success.count'] >0" endpoint="vm://wcc/PutIntegrationMessage">
            <cc:set name="is.message.severity" value="'INFO'"/>
            <cc:set name="is.message.summary" value="props['success.count'] # ' records(s) were successfully updated.'"/>
        </cc:local-out>
        <cc:local-out id="getFile" routes-response-to="fileCheck" endpoint="vm://wcc/GetEventDocuments"><cc:set name="ie.event.wid" value="lp.isSet() ? lp.getIntegrationEventWID() : null"/></cc:local-out>
        <cc:route id="FileRoute">
            <cc:doc-iterator/>
            <cc:sub-route name="SubRoute" routes-to="fileDetails"/>
        </cc:route>
        <cc:async-mediation id="abort4">
            <cc:steps>
                <cc:eval id="Eval">
                    <cc:expression>context.setAbort(true)</cc:expression>
                </cc:eval>
            </cc:steps>
        </cc:async-mediation>
        <cc:local-out id="FileError" routes-response-to="abort4" endpoint="vm://wcc/PutIntegrationMessage">
            <cc:set name="is.message.severity" value="'ERROR'"/>
            <cc:set name="is.message.summary" value="context.errorMessage"/>
        </cc:local-out>
        <cc:async-mediation id="fileCheck" routes-to="FileRoute" handle-downstream-errors="true">
            <cc:steps>
                <cc:validate-exp id="ValidateExp">
                    <cc:expression failure-message="No input file is available in the server">da.size() > 0</cc:expression>
                    <cc:expression failure-message="Verify whethere there are not more than 1 file available in server">da.allFileNames.size() &lt;= 1</cc:expression>
                </cc:validate-exp>
            </cc:steps>
            <cc:send-error id="SendError" routes-to="FileError"/>
        </cc:async-mediation>
        <cc:async-mediation id="abort1">
            <cc:steps>
                <cc:eval id="Eval">
                    <cc:expression>context.setAbort(true)</cc:expression>
                </cc:eval>
            </cc:steps>
        </cc:async-mediation>
        <cc:local-in id="Report" routes-to="cache"/>
        <cc:workday-out-rest id="WorkdayOutRest" routes-response-to="intEventID" extra-path="@{intsys.reportService.getExtrapath('INT10140 Report')}?intSystem!WID=@{props['lp.intSystemID']}&amp;startDateTime=@{props['lp.startDateTime']}&amp;endDateTime=@{props['lp.endDateTime']}"/>
        <cc:async-mediation id="intEventID" handle-downstream-errors="true">
            <cc:steps>
                <cc:validate-exp id="count">
                    <cc:expression failure-message="Verify whether there are not more than 1 Integration Event for given date range">parts[0].xpath('count(/wd:Report_Data/wd:Report_Entry)') &lt;= 1</cc:expression>
                </cc:validate-exp>
                <cc:eval id="Eval">
                    <cc:expression>props['rpt.intEventID'] = parts[0].xpath('/wd:Report_Data/wd:Report_Entry/wd:intEventID');</cc:expression>
                </cc:eval>
                <cc:validate-exp id="EventID">
                    <cc:expression failure-message="There is no run from Parent Integration for given date range">props['rpt.intEventID'] != &quot;&quot;</cc:expression>
                </cc:validate-exp>
            </cc:steps>
            <cc:send-error id="SendError" routes-to="Error_RptResp"/>
        </cc:async-mediation>
        <cc:local-out id="Error_RptResp" routes-response-to="abort3" endpoint="vm://wcc/PutIntegrationMessage">
            <cc:set name="is.message.severity" value="'ERROR'"/>
            <cc:set name="is.message.summary" value="context.errorMessage"/>
        </cc:local-out>
        <cc:local-out id="CallReport" store-message="none" routes-response-to="CallRetrieveFile" endpoint="vm://INT10140_Third_Party_Payroll_Errors_Inbound/Report"/>
        <cc:async-mediation id="cache" routes-to="WorkdayOutRest" handle-downstream-errors="true">
            <cc:steps/>
            <cc:send-error id="SendError" routes-to="Error_Rpt"/>
        </cc:async-mediation>
        <cc:local-out id="Error_Rpt" routes-response-to="abort2" endpoint="vm://wcc/PutIntegrationMessage">
            <cc:set name="is.message.severity" value="'CRITICAL'"/>
            <cc:set name="is.message.summary" value="context.errorMessage"/>
        </cc:local-out>
        <cc:async-mediation id="abort3">
            <cc:steps>
                <cc:eval id="Eval">
                    <cc:expression>context.setAbort(true)</cc:expression>
                </cc:eval>
            </cc:steps>
        </cc:async-mediation>
        <cc:async-mediation id="abort2">
            <cc:steps>
                <cc:eval id="Eval">
                    <cc:expression>context.setAbort(true)</cc:expression>
                </cc:eval>
            </cc:steps>
        </cc:async-mediation>
	</cc:assembly>

</beans>