<?xml version="1.0" encoding="UTF-8"?>
<wdnm:Diagram xmlns:wdnm="http://workday.com/studio/editors/notation">
  <element href="assembly.xml#WorkdayAssembly"/>
  <visualProperties x="111" y="107">
    <element href="assembly.xml#StartHere"/>
  </visualProperties>
  <visualProperties x="306" y="105">
    <element href="assembly.xml#Initalization"/>
  </visualProperties>
  <visualProperties x="132" y="152">
    <element href="assembly.xml#CallInitalization"/>
  </visualProperties>
  <visualProperties x="550" y="155">
    <element href="assembly.xml#Init"/>
  </visualProperties>
  <visualProperties x="634" y="292">
    <element href="assembly.xml#Error_Init"/>
  </visualProperties>
  <visualProperties x="131" y="402">
    <element href="assembly.xml#//@beans/@mixed.1/@mixed.11"/>
  </visualProperties>
  <visualProperties x="436" y="402">
    <element href="assembly.xml#Note-Error"/>
  </visualProperties>
  <visualProperties x="156" y="228">
    <element href="assembly.xml#CallRetrieveFile"/>
  </visualProperties>
  <visualProperties x="582" y="436">
    <element href="assembly.xml#RetrieveFile"/>
  </visualProperties>
  <visualProperties x="756" y="524">
    <element href="assembly.xml#fileDetails"/>
  </visualProperties>
  <visualProperties x="809" y="676">
    <element href="assembly.xml#Error_FileDetails"/>
  </visualProperties>
  <visualProperties x="1041" y="712">
    <element href="assembly.xml#LoadError"/>
  </visualProperties>
  <visualProperties x="192" y="299">
    <element href="assembly.xml#CallLoadError"/>
  </visualProperties>
  <visualProperties x="615" y="891">
    <element href="assembly.xml#inputFile"/>
  </visualProperties>
  <visualProperties x="724" y="951">
    <element href="assembly.xml#Splitter"/>
  </visualProperties>
  <visualProperties x="1062" y="501">
    <element href="assembly.xml#Error_IP"/>
  </visualProperties>
  <visualProperties x="972" y="617">
    <element href="assembly.xml#Process_errorRecord"/>
  </visualProperties>
  <visualProperties x="1182" y="590">
    <element href="assembly.xml#call_PI"/>
  </visualProperties>
  <visualProperties x="1387" y="633">
    <element href="assembly.xml#loadError"/>
  </visualProperties>
  <visualProperties x="1082" y="742">
    <element href="assembly.xml#errorLog"/>
  </visualProperties>
  <visualProperties x="140" y="362">
    <element href="assembly.xml#CallCloudLog"/>
  </visualProperties>
  <visualProperties x="562" y="906">
    <element href="assembly.xml#CloudLog"/>
  </visualProperties>
  <visualProperties x="552" y="986">
    <element href="assembly.xml#storeLog"/>
  </visualProperties>
  <visualProperties x="811" y="1033">
    <element href="assembly.xml#TotalRecord"/>
  </visualProperties>
  <visualProperties x="1007" y="1030">
    <element href="assembly.xml#TotalError"/>
  </visualProperties>
  <visualProperties x="958" y="988">
    <element href="assembly.xml#TotalSuccess"/>
  </visualProperties>
  <visualProperties x="988" y="251">
    <element href="assembly.xml#getFile"/>
  </visualProperties>
  <visualProperties>
    <element href="assembly.xml#fileCheck"/>
  </visualProperties>
  <visualProperties>
    <element href="assembly.xml#FileError"/>
  </visualProperties>
  <visualProperties>
    <element href="assembly.xml#abort4"/>
  </visualProperties>
  <visualProperties x="1771" y="326">
    <element href="assembly.xml#FileRoute"/>
  </visualProperties>
  <visualProperties x="797" y="377">
    <element href="assembly.xml#abort1"/>
  </visualProperties>
  <visualProperties x="1230" y="1292">
    <element href="assembly.xml#Report"/>
  </visualProperties>
  <visualProperties x="1327" y="1306">
    <element href="assembly.xml#WorkdayOutRest"/>
  </visualProperties>
  <visualProperties x="1548" y="1320">
    <element href="assembly.xml#intEventID"/>
  </visualProperties>
  <visualProperties x="1072" y="543">
    <element href="assembly.xml#Error_RptResp"/>
  </visualProperties>
  <visualProperties x="183" y="429">
    <element href="assembly.xml#CallReport"/>
  </visualProperties>
  <visualProperties x="901" y="431">
    <element href="assembly.xml#cache"/>
  </visualProperties>
  <visualProperties x="927" y="659">
    <element href="assembly.xml#Error_Rpt"/>
  </visualProperties>
  <visualProperties x="1072" y="649">
    <element href="assembly.xml#abort3"/>
  </visualProperties>
  <visualProperties x="1032" y="483">
    <element href="assembly.xml#abort2"/>
  </visualProperties>
  <decorations x="112" y="59" width="1136" height="145" type="TEXT" text="As part of this integration we are loading all the errors which are generated while processing PECI output file at vendor side back into Workday. This is done using the API operation 'Put_Integration_Event_Error_Message_Set' &#xD;&#xA;&#xD;&#xA;The Inbound integration is designed to help vendors that do not have mechanism to invoke the Workday API to send an error log file of the errors after processing the PECI file at their end. This error file can be loaded in Workday and would enable the colloboration with ease."/>
  <connections type="routesTo" sourceAnchorX="0.5298507462686567" sourceAnchorY="0.7297297297297297" targetAnchorX="0.5454545454545454" targetAnchorY="0.7027027027027027">
    <source href="assembly.xml#StartHere"/>
    <target href="assembly.xml#CallInitalization"/>
  </connections>
  <connections type="routesTo" sourceAnchorX="0.9586206896551724" sourceAnchorY="0.6486486486486487" targetAnchorX="0.06451612903225806" targetAnchorY="0.3643410852713178">
    <source href="assembly.xml#Initalization"/>
    <target href="assembly.xml#Init"/>
  </connections>
  <connections type="routesTo" sourceAnchorX="0.5384615384615384" sourceAnchorY="0.8" targetAnchorX="0.5153846153846153" targetAnchorY="0.2702702702702703">
    <source href="assembly.xml#//@beans/@mixed.1/@mixed.7/@mixed.3"/>
    <target href="assembly.xml#Error_Init"/>
  </connections>
  <connections type="routesTo" sourceAnchorX="0.485" sourceAnchorY="0.21621621621621623" targetAnchorX="0.475177304964539" targetAnchorY="0.13513513513513514">
    <source href="assembly.xml#//@beans/@mixed.1/@mixed.11"/>
    <target href="assembly.xml#Note-Error"/>
  </connections>
  <connections type="routesTo" sourceAnchorX="0.5384615384615384" sourceAnchorY="0.6333333333333333" targetAnchorX="0.5235602094240838" targetAnchorY="0.8378378378378378">
    <source href="assembly.xml#//@beans/@mixed.1/@mixed.19/@mixed.3"/>
    <target href="assembly.xml#Error_FileDetails"/>
  </connections>
  <connections type="routesResponseTo" sourceAnchorX="0.4945652173913043" sourceAnchorY="0.6486486486486487" targetAnchorX="0.49404761904761907" targetAnchorY="0.6756756756756757">
    <source href="assembly.xml#CallRetrieveFile"/>
    <target href="assembly.xml#CallLoadError"/>
  </connections>
  <connections type="routesTo" sourceAnchorX="0.9197080291970803" sourceAnchorY="0.40540540540540543" targetAnchorX="0.12096774193548387" targetAnchorY="0.5968992248062015">
    <source href="assembly.xml#LoadError"/>
    <target href="assembly.xml#inputFile"/>
  </connections>
  <connections type="routesTo" sourceAnchorX="0.9193548387096774" sourceAnchorY="0.5813953488372093" targetAnchorX="0.10606060606060606" targetAnchorY="0.45977011494252873">
    <source href="assembly.xml#inputFile"/>
    <target href="assembly.xml#Splitter"/>
  </connections>
  <connections type="routesTo" sourceAnchorX="0.5384615384615384" sourceAnchorY="0.7333333333333333" targetAnchorX="0.5365853658536586" targetAnchorY="0.5675675675675675">
    <source href="assembly.xml#//@beans/@mixed.1/@mixed.27/@mixed.3"/>
    <target href="assembly.xml#Error_IP"/>
  </connections>
  <connections type="routesTo" sourceAnchorX="0.9411764705882353" sourceAnchorY="0.8823529411764706" targetAnchorX="0.002717391304347826" targetAnchorY="0.43410852713178294">
    <source href="assembly.xml#//@beans/@mixed.1/@splitter.0/@subRoute.0"/>
    <target href="assembly.xml#Process_errorRecord"/>
  </connections>
  <connections type="routesResponseTo" sourceAnchorX="0.8818181818181818" sourceAnchorY="0.4864864864864865" targetAnchorX="0.1024390243902439" targetAnchorY="0.46938775510204084">
    <source href="assembly.xml#call_PI"/>
    <target href="assembly.xml#loadError"/>
  </connections>
  <connections type="routesTo" sourceAnchorX="0.9592391304347826" sourceAnchorY="0.24806201550387597" targetAnchorX="0.00909090909090909" targetAnchorY="0.5945945945945946">
    <source href="assembly.xml#Process_errorRecord"/>
    <target href="assembly.xml#call_PI"/>
  </connections>
  <connections type="routesTo" sourceAnchorX="0.5373961218836565" sourceAnchorY="0.3" targetAnchorX="0.541095890410959" targetAnchorY="0.061224489795918366">
    <source href="assembly.xml#//@beans/@mixed.1/@mixed.33/@mixed.3"/>
    <target href="assembly.xml#errorLog"/>
  </connections>
  <connections type="routesResponseTo" sourceAnchorX="0.5238095238095238" sourceAnchorY="0.1891891891891892" targetAnchorX="0.4945054945054945" targetAnchorY="0.2972972972972973">
    <source href="assembly.xml#CallLoadError"/>
    <target href="assembly.xml#CallCloudLog"/>
  </connections>
  <connections type="routesTo" sourceAnchorX="0.746268656716418" sourceAnchorY="0.5135135135135135" targetAnchorX="0.22321428571428573" targetAnchorY="0.4897959183673469">
    <source href="assembly.xml#CloudLog"/>
    <target href="assembly.xml#storeLog"/>
  </connections>
  <connections type="routesTo" sourceAnchorX="0.7142857142857143" sourceAnchorY="0.8673469387755102" targetAnchorX="0.07142857142857142" targetAnchorY="0.2702702702702703">
    <source href="assembly.xml#storeLog"/>
    <target href="assembly.xml#TotalRecord"/>
  </connections>
  <connections type="routesResponseTo" sourceAnchorX="0.45454545454545453" sourceAnchorY="0.5405405405405406" targetAnchorX="0.45588235294117646" targetAnchorY="0.5945945945945946">
    <source href="assembly.xml#TotalRecord"/>
    <target href="assembly.xml#TotalError"/>
  </connections>
  <connections type="routesResponseTo" sourceAnchorX="0.4338235294117647" sourceAnchorY="0.7567567567567568" targetAnchorX="0.4573170731707317" targetAnchorY="0.5945945945945946">
    <source href="assembly.xml#TotalError"/>
    <target href="assembly.xml#TotalSuccess"/>
  </connections>
  <connections type="routesTo" sourceAnchorX="0.9215686274509803" sourceAnchorY="0.43243243243243246" targetAnchorX="0.04504504504504504" targetAnchorY="0.43243243243243246">
    <source href="assembly.xml#RetrieveFile"/>
    <target href="assembly.xml#getFile"/>
  </connections>
  <connections type="routesTo" sourceAnchorX="0.9133858267716536" sourceAnchorY="0.6124031007751938" targetAnchorX="0.16666666666666666" targetAnchorY="0.10344827586206896">
    <source href="assembly.xml#fileCheck"/>
    <target href="assembly.xml#FileRoute"/>
  </connections>
  <connections type="routesTo" sourceAnchorX="0.4891304347826087" sourceAnchorY="0.6333333333333333" targetAnchorX="0.46153846153846156" targetAnchorY="0.1891891891891892">
    <source href="assembly.xml#//@beans/@mixed.1/@mixed.61/@mixed.3"/>
    <target href="assembly.xml#FileError"/>
  </connections>
  <connections type="routesResponseTo" sourceAnchorY="1.0" targetAnchorX="0.4931506849315068" targetAnchorY="0.10638297872340426">
    <source href="assembly.xml#FileError"/>
    <target href="assembly.xml#abort4"/>
  </connections>
  <connections type="routesResponseTo" sourceAnchorX="0.9279279279279279" sourceAnchorY="0.7567567567567568" targetAnchorX="0.007874015748031496" targetAnchorY="0.4418604651162791">
    <source href="assembly.xml#getFile"/>
    <target href="assembly.xml#fileCheck"/>
  </connections>
  <connections type="routesTo" sourceAnchorX="0.9915966386554622" sourceAnchorY="0.5294117647058824" targetAnchorX="0.021806853582554516" targetAnchorY="0.4186046511627907">
    <source href="assembly.xml#//@beans/@mixed.1/@route.0/@subRoute.0"/>
    <target href="assembly.xml#fileDetails"/>
  </connections>
  <connections type="routesResponseTo" sourceAnchorX="0.5307692307692308" sourceAnchorY="1.0" targetAnchorX="0.5698924731182796" targetAnchorY="0.1836734693877551">
    <source href="assembly.xml#Error_Init"/>
    <target href="assembly.xml#abort1"/>
  </connections>
  <connections type="routesResponseTo" sourceAnchorX="0.9639175257731959" sourceAnchorY="0.3783783783783784" targetAnchorX="0.07386363636363637" targetAnchorY="0.32558139534883723">
    <source href="assembly.xml#WorkdayOutRest"/>
    <target href="assembly.xml#intEventID"/>
  </connections>
  <connections type="routesTo" sourceAnchorX="0.5088757396449705" sourceAnchorY="0.7" targetAnchorY="0.21621621621621623">
    <source href="assembly.xml#//@beans/@mixed.1/@mixed.69/@mixed.3"/>
    <target href="assembly.xml#Error_RptResp"/>
  </connections>
  <connections type="routesResponseTo" sourceAnchorX="0.5056818181818182" sourceAnchorY="0.6486486486486487" targetAnchorY="0.43243243243243246">
    <source href="assembly.xml#CallInitalization"/>
    <target href="assembly.xml#CallReport"/>
  </connections>
  <connections type="routesResponseTo" sourceAnchorX="0.45774647887323944" sourceAnchorY="0.7567567567567568" targetAnchorX="0.47282608695652173" targetAnchorY="0.4594594594594595">
    <source href="assembly.xml#CallReport"/>
    <target href="assembly.xml#CallRetrieveFile"/>
  </connections>
  <connections type="routesTo" sourceAnchorX="0.963963963963964" sourceAnchorY="0.2972972972972973" targetAnchorX="0.06451612903225806" targetAnchorY="0.5853658536585366">
    <source href="assembly.xml#Report"/>
    <target href="assembly.xml#cache"/>
  </connections>
  <connections type="routesTo" sourceAnchorX="0.5128205128205128" sourceAnchorY="0.4666666666666667" targetAnchorX="0.5185185185185185" targetAnchorY="0.2702702702702703">
    <source href="assembly.xml#//@beans/@mixed.1/@mixed.75/@mixed.3"/>
    <target href="assembly.xml#Error_Rpt"/>
  </connections>
  <connections type="routesTo" sourceAnchorX="0.8548387096774194" sourceAnchorY="0.5772357723577236" targetAnchorX="0.07731958762886598" targetAnchorY="0.2972972972972973">
    <source href="assembly.xml#cache"/>
    <target href="assembly.xml#WorkdayOutRest"/>
  </connections>
  <connections type="routesResponseTo" sourceAnchorX="0.5084745762711864" sourceAnchorY="0.7837837837837838" targetAnchorX="0.5114503816793893" targetAnchorY="0.07142857142857142">
    <source href="assembly.xml#Error_RptResp"/>
    <target href="assembly.xml#abort3"/>
  </connections>
  <connections type="routesResponseTo" sourceAnchorX="0.4666666666666667" sourceAnchorY="0.5675675675675675" targetAnchorX="0.4854368932038835" targetAnchorY="0.11224489795918367">
    <source href="assembly.xml#Error_Rpt"/>
    <target href="assembly.xml#abort2"/>
  </connections>
  <swimlanes x="58" y="253" font="Arial|9|1" bgColor="8454143" fontColor="1" name="Main" orientation="VERTICAL" alignment="MIDDLE">
    <elements href="assembly.xml#StartHere"/>
    <elements href="assembly.xml#CallInitalization"/>
    <elements href="assembly.xml#CallReport"/>
    <elements href="assembly.xml#CallRetrieveFile"/>
    <elements href="assembly.xml#CallLoadError"/>
    <elements href="assembly.xml#CallCloudLog"/>
  </swimlanes>
  <swimlanes x="319" y="245" font="Arial|9|1" bgColor="8454143" fontColor="1" name="Initalization" alignment="MIDDLE" labelAlignment="LEFT">
    <elements href="assembly.xml#Initalization"/>
    <elements href="#//@swimlanes.2"/>
  </swimlanes>
  <swimlanes x="552" y="168" name="Swimlane" orientation="VERTICAL" alignment="MIDDLE">
    <elements href="assembly.xml#Init"/>
    <elements href="assembly.xml#Error_Init"/>
    <elements href="assembly.xml#abort1"/>
  </swimlanes>
  <swimlanes x="2302" y="723" font="Arial|9|1" bgColor="255" fontColor="1" name="Global Error Handler" orientation="VERTICAL" alignment="MIDDLE" labelAlignment="LEFT">
    <elements href="assembly.xml#//@beans/@mixed.1/@mixed.11"/>
    <elements href="assembly.xml#Note-Error"/>
  </swimlanes>
  <swimlanes x="1533" y="245" font="Arial|9|1" bgColor="8454143" fontColor="1" name="Retrieve File" alignment="MIDDLE" labelAlignment="LEFT">
    <elements href="assembly.xml#RetrieveFile"/>
    <elements href="assembly.xml#getFile"/>
    <elements href="#//@swimlanes.12"/>
    <elements href="assembly.xml#FileRoute"/>
    <elements href="#//@swimlanes.5"/>
  </swimlanes>
  <swimlanes x="700" y="500" name="Swimlane" orientation="VERTICAL" alignment="MIDDLE">
    <elements href="assembly.xml#fileDetails"/>
    <elements href="assembly.xml#Error_FileDetails"/>
  </swimlanes>
  <swimlanes x="319" y="723" font="Arial|9|1" bgColor="8454143" fontColor="1" name="Load Third Party Payroll Errors" alignment="MIDDLE" labelAlignment="LEFT">
    <elements href="assembly.xml#LoadError"/>
    <elements href="#//@swimlanes.7"/>
    <elements href="assembly.xml#Splitter"/>
    <elements href="#//@swimlanes.8"/>
    <elements href="assembly.xml#call_PI"/>
    <elements href="assembly.xml#loadError"/>
  </swimlanes>
  <swimlanes x="544" y="852" name="Swimlane" orientation="VERTICAL" alignment="MIDDLE">
    <elements href="assembly.xml#inputFile"/>
    <elements href="assembly.xml#Error_IP"/>
  </swimlanes>
  <swimlanes x="880" y="566" name="Swimlane" orientation="VERTICAL" alignment="MIDDLE">
    <elements href="assembly.xml#Process_errorRecord"/>
    <elements href="#//@swimlanes.9"/>
  </swimlanes>
  <swimlanes x="1115" y="703" name="Swimlane">
    <elements href="assembly.xml#errorLog"/>
  </swimlanes>
  <swimlanes x="1749" y="723" font="Arial|9|1" bgColor="255" fontColor="1" name="Cloud Log " alignment="MIDDLE" labelAlignment="LEFT">
    <elements href="assembly.xml#CloudLog"/>
    <elements href="assembly.xml#storeLog"/>
    <elements href="#//@swimlanes.11"/>
  </swimlanes>
  <swimlanes x="700" y="989" name="Swimlane" orientation="VERTICAL" alignment="MIDDLE">
    <elements href="assembly.xml#TotalRecord"/>
    <elements href="assembly.xml#TotalError"/>
    <elements href="assembly.xml#TotalSuccess"/>
  </swimlanes>
  <swimlanes x="1584" y="221" name="Swimlane" orientation="VERTICAL" alignment="MIDDLE">
    <elements href="assembly.xml#fileCheck"/>
    <elements href="assembly.xml#FileError"/>
    <elements href="assembly.xml#abort4"/>
  </swimlanes>
  <swimlanes x="58" y="8" font="Arial|9|1" bgColor="8454143" fontColor="1" name="INT10140 Description" elements="//@decorations.0" alignment="MIDDLE" labelAlignment="LEFT"/>
  <swimlanes x="711" y="245" font="Arial|9|1" bgColor="8454143" fontColor="1" name="Call Custom Report to get Event WID" alignment="MIDDLE" labelAlignment="LEFT">
    <elements href="assembly.xml#Report"/>
    <elements href="#//@swimlanes.16"/>
    <elements href="assembly.xml#WorkdayOutRest"/>
    <elements href="#//@swimlanes.15"/>
  </swimlanes>
  <swimlanes x="1077" y="357" name="Swimlane" orientation="VERTICAL" alignment="MIDDLE">
    <elements href="assembly.xml#intEventID"/>
    <elements href="assembly.xml#Error_RptResp"/>
    <elements href="assembly.xml#abort3"/>
  </swimlanes>
  <swimlanes x="857" y="408" name="Swimlane" orientation="VERTICAL" alignment="MIDDLE">
    <elements href="assembly.xml#cache"/>
    <elements href="assembly.xml#Error_Rpt"/>
    <elements href="assembly.xml#abort2"/>
  </swimlanes>
</wdnm:Diagram>
