<?xml version="1.0" encoding="UTF-8" standalone="no"?>
<model modelId="com.workday.wtp.ws.cloud.assembly.facet.WsCloudAssemblyFacetInstallDataModelProvider">
    <value class="java.lang.String" key="ICcFacetInstallDataModelProperties.MODULE_SERVICE_TOKENIZED_NAME">@PROJECT_NAME@</value>
    <list key="ICcFacetInstallDataModelProperties.EXCLUDE_FROM_DEPLOY_SRC"/>
    <value class="java.lang.String" key="IWsCloudAssemblyFacetInstallDataModelProperties.WD_INTEGRATION_TYPE">regular.e2</value>
    <value class="java.lang.Boolean" key="ICcFacetInstallDataModelProperties.MARK_GENERATED_DERIVED">true</value>
    <value class="java.lang.Boolean" key="ICcFacetInstallDataModelProperties.MODULE_SERVICE_NAME_PROJECT">true</value>
    <value class="java.lang.Boolean" key="ICcFacetInstallDataModelProperties.USE_CLASSPATH_DEPENDENCY_FOR_PARENT_SERVICE">true</value>
    <value class="java.lang.String" key="ICcFacetInstallDataModelProperties.MODULE_SERVICE_NAME"/>
    <value class="java.lang.String" key="ICcFacetInstallDataModelProperties.WS_FOLDER">ws</value>
    <value class="java.lang.Boolean" key="ICcFacetInstallDataModelProperties.COPY_WSDL_FILES_ON_DEPLOY">true</value>
    <value class="java.lang.Boolean" key="ICcFacetInstallDataModelProperties.MODULE_SERVICE_NAME_CUSTOM">false</value>
    <list key="IWsCloudAssemblyFacetInstallDataModelProperties.MEMBER_OF_CLOUD_COLLECTIONS">
        <value class="java.lang.String">INT8914-CSOD-User-Outbound</value>
    </list>
    <value class="java.lang.Boolean" key="ICcFacetInstallDataModelProperties.MODULE_SERVICE_NAME_VERSION">false</value>
    <value class="java.lang.Boolean" key="ICcFacetInstallDataModelProperties.EXPORT_REFERENCED_WEBSERVICE_PROJECT_CLASSPATH">false</value>
</model>
