<?xml version="1.0" encoding="UTF-8"?>
<beans
     xmlns="http://www.springframework.org/schema/beans"
     xmlns:beans="http://www.springframework.org/schema/beans"
     xmlns:atom="http://www.w3.org/2005/Atom"
     xmlns:cc="http://www.capeclear.com/assembly/10"
     xmlns:cloud="urn:com.workday/esb/cloud/10.0"
     xmlns:env="http://schemas.xmlsoap.org/soap/envelope/"
     xmlns:pi="urn:com.workday/picof"
     xmlns:wd="urn:com.workday/bsvc"
     xmlns:xsi="http://www.w3.org/2001/XMLSchema-instance">
 
	<cc:assembly id="WorkdayAssembly" version="2020.9">
        <cc:workday-in id="StartHere" routes-to="Call-Init">
            <cc:integration-system name="POV-SA-Employee-Contract-Inbound">
        <cloud:param name="Validation Mode">
          <cloud:type>
            <cloud:simple-type>boolean</cloud:simple-type>
          </cloud:type>
          <cloud:default>
            <cloud:boolean>true</cloud:boolean>
          </cloud:default>
        </cloud:param>
        <cloud:param name="InputFile">
          <cloud:type>
            <cloud:simple-type>boolean</cloud:simple-type>
          </cloud:type>
          <cloud:default>
            <cloud:boolean>true</cloud:boolean>
          </cloud:default>
        </cloud:param>
        <cloud:retrieval-service name="DocRetrieval"/>
        <cloud:custom-object-service name="POV-SA-Employee-Contract-Inbound_COS">
          <cloud:custom-object-alias description="SA-Empl-Contract-Wrkr" name="WorkerCO">
            <cloud:custom-object-reference description="SA-Empl-Contract-Wrkr" type="WID">87679b038d350106f04955dd560c3610</cloud:custom-object-reference>
          </cloud:custom-object-alias>
        </cloud:custom-object-service>
      </cc:integration-system>
        </cc:workday-in>
        <cc:local-out id="Call-Init" store-message="none" routes-response-to="Call-GetInput" endpoint="vm://POV-SA-Employee-Contract-Inbound/Init"/>
        <cc:local-in id="Init" routes-to="InitiazeProps"/>
        <cc:async-mediation id="InitiazeProps" handle-downstream-errors="true">
            <cc:steps>
                <cc:eval id="LP">
                    <cc:expression>props['lp.validation.mode'] = lp.getSimpleData('Validation Mode')</cc:expression>
                    <cc:expression>props['lp.InputFile'] = lp.getSimpleData('InputFile')</cc:expression>
                </cc:eval>
                <cc:eval id="props-&amp;-vars"><cc:expression>props['doc.period.days'] = intsys.getAttribute('Document Retention Period (Days)')</cc:expression>
                    <cc:expression>if (props['doc.period.days'] == empty) { props['doc.period.days'] = 90 };</cc:expression></cc:eval>
                <cc:eval id="Init">
                    <cc:expression>props['log.Header'] = 'Error Log File for Employee Contract Inbound'</cc:expression>
                </cc:eval>
            </cc:steps>
            <cc:send-error id="SendError" rethrow-error="true" routes-to="Log-Error"/>
        </cc:async-mediation>
        <cc:local-out id="InitializationError" endpoint="vm://wcc/PutIntegrationMessage"><cc:set name="is.message.severity" value="'ERROR'"/><cc:set name="is.message.summary" value="&quot;An error ocurred at initialization&quot;"/></cc:local-out>
        <cc:local-out id="Call-GetInput" store-message="none" routes-response-to="Call-Load-Contract" endpoint="vm://POV-SA-Employee-Contract-Inbound/GetInput"/>
        <cc:local-in id="GetInput" routes-to="Route"/>
        <cc:route id="Route">
            <cc:mvel-strategy>
                <cc:choose-route expression="props['lp.InputFile'] = 'true'" route="ReadFromFile"/>
                <cc:choose-route expression="props['lp.InputFile'] = 'false'" route="RestApi"/>
            </cc:mvel-strategy>
            <cc:sub-route name="ReadFromFile" routes-to="RetrieveFile"/>
            <cc:sub-route name="RestApi" routes-to="HttpOut"/>
        </cc:route>
        <cc:async-mediation id="RetrieveFile" routes-to="ConvertCSVtoXML" handle-downstream-errors="true">
            <cc:steps>
                <cc:validate-exp id="ValidateExp">
                    <cc:expression failure-message="Input File not available">da.size() > 0</cc:expression>
                </cc:validate-exp>
                <cc:eval id="Eval">
                    <cc:expression>da.toVar(0, 'wd.retrieve.variable')</cc:expression>
                </cc:eval>
                <cc:log id="Log">
                    <cc:log-message>
                        <cc:message-content/>
                        <cc:text>The file is imported successfully.</cc:text>
                    </cc:log-message>
                </cc:log>
                <cc:copy id="Copy" input="variable" input-variable="wd.retrieve.variable"/>
            </cc:steps>
            <cc:send-error id="SendError" routes-to="Log-Error0"/>
        </cc:async-mediation>
        <cc:http-out id="HttpOut" routes-response-to="AsyncMediation0" endpoint="https://idb.svc.alight.com/admin/ws/views/viewssvc.php?service=get_view&amp;ssid=0ZImPzgeOhAzULpwLD7ifNsby9azYhNC&amp;view=348&amp;format=csv">
            <cc:rest-binding/>
        </cc:http-out>
        <cc:local-out id="FileRetrievalError" endpoint="vm://wcc/PutIntegrationMessage"><cc:set name="is.message.severity" value="'ERROR'"/><cc:set name="is.message.summary" value="context.errorMessage"/></cc:local-out>
        <cc:async-mediation id="ConvertCSVtoXML">
            <cc:steps>
                <cc:copy id="Copy"/>
                <cc:csv-to-xml id="CsvToXml" colNames="Name,Colleague_ID,Cost_Center,Approver,Practice,Country,Session_Name_ID,Session_Name,Session_ID,Session_Start_Date,Session_End_Date,Training_Location,Cost,Month,Prior_Status,New_Status,Status,Status_Description,Modified_Date,Registered_Date" format="rfc4180" rootName="Root&#x9;" rowName="Data"/>
                <cc:log id="Log0">
                    <cc:log-message>
                        <cc:text>*****************************&#xD;
Start of Input XML</cc:text>
                        <cc:message-content/>
                        <cc:text>End of Input XML&#xD;
****************************</cc:text>
                    </cc:log-message>
                </cc:log></cc:steps>
        </cc:async-mediation>
        <cc:local-in id="LoadContract" routes-to="Splitter"/>
        <cc:local-out id="Call-Load-Contract" store-message="none" routes-response-to="Call-Load-WorkerCO" endpoint="vm://POV-SA-Employee-Contract-Inbound/LoadContract"/>
        <cc:splitter id="Splitter">
            <cc:sub-route name="SubRoute" routes-to="AddorUpdateEmpContract"/>
            <cc:xml-stream-splitter xpath="/Root/Data"/>
        </cc:splitter>
        <cc:async-mediation id="AddorUpdateEmpContract" routes-to="CreateContract">
            <cc:steps>
                <cc:eval id="Eval">
                    <cc:expression>props['Colleague_ID'] = parts[0].xpath('/Data/Colleague_ID')</cc:expression>
                    <cc:expression>props['Contract_Effective_Date'] = parts[0].xpath('/Data/Session_Start_Date')</cc:expression>
                    <cc:expression>props['Contract_Start_Date'] = parts[0].xpath('/Data/Session_Start_Date')</cc:expression>
                    <cc:expression>props['Contract_End_Date' ] = parts[0].xpath('/Data/Session_End_Date')</cc:expression>
                    <cc:expression>props['Contract_ID'] = parts[0].xpath('/Data/Colleague_ID') +  '-' + parts[0].xpath('/Data/Session_ID')</cc:expression>
                    <cc:expression>props['Contract_Status'] ='Open'</cc:expression>
                    <cc:expression>props['Contract_Comment'] ='SA_Agreement'</cc:expression>
                    <cc:expression>props['Cost']=parts[0].xpath('/Data/Cost')</cc:expression>
                    <cc:expression>props['SA_End_Date']=(java.time.LocalDate.parse(props['Contract_End_Date'],java.time.format.DateTimeFormatter.ofPattern(&quot;yyyy-MM-dd&quot;)).plusDays(365)).toString()</cc:expression>
                    <cc:expression>props['SA_Start_Date']=(java.time.LocalDate.parse(props['Contract_End_Date'],java.time.format.DateTimeFormatter.ofPattern(&quot;yyyy-MM-dd&quot;)).plusDays(1)).toString()</cc:expression>
                    <cc:expression>props['Certification_Name']=parts[0].xpath('/Data/Session_Name') </cc:expression>
                    <cc:expression>props['SA_Status'] = 'active'</cc:expression>
                    <cc:expression>props['Manager_Name'] = parts[0].xpath('/Data/Approver')</cc:expression>
                </cc:eval>
                <cc:log id="Log">
                    <cc:log-message>
                        <cc:text>&quot;Colleageu ID&quot; : @{props['Colleague_ID']}&#xD;
&quot;Contract Effective Date&quot;: @{props['Contract_Effective_Date']}&#xD;
&quot;Contract Start Date&quot;:  @{props['Contract_Start_Date']}&#xD;
&quot;Contract End Date&quot;: @{props['Contract_End_Date' ]}&#xD;
&quot;Contract ID&quot;: @{props['Contract_ID']}&#xD;
&quot;Contract Status&quot; : @{props['Contract_Status']}&#xD;
&quot;Contract Comment&quot;: @{props['Contract_Comment']}&#xD;
&quot;Cost&quot;:@{props['Cost']}&#xD;
&quot;SA Start Date&quot;:@{props['SA_Start_Date']}&#xD;
&quot;Session Name&quot;:@{props['Certification_Name']}&#xD;
</cc:text>
                    </cc:log-message>
                </cc:log>
                <cc:write id="Write">
                    <cc:message>
                        <cc:text>&lt;?xml version=&quot;1.0&quot; encoding=&quot;UTF-8&quot;?>&#xD;
&lt;env:Envelope&#xD;
    xmlns:env=&quot;http://schemas.xmlsoap.org/soap/envelope/&quot;&#xD;
    xmlns:xsd=&quot;http://www.w3.org/2001/XMLSchema&quot;>&#xD;
    &lt;env:Body>&#xD;
        &lt;wd:Maintain_Employee_Contracts_Request&#xD;
            xmlns:wd=&quot;urn:com.workday/bsvc&quot;&#xD;
            wd:version=&quot;v33.2&quot;>&#xD;
            &lt;wd:Business_Process_Parameters>&#xD;
                &lt;wd:Auto_Complete>false&lt;/wd:Auto_Complete>&#xD;
                &lt;wd:Run_Now>true&lt;/wd:Run_Now>&#xD;
                &lt;wd:Comment_Data>&#xD;
                    &lt;wd:Comment>@{props['Contract_Comment']}&lt;/wd:Comment>&#xD;
                 &lt;/wd:Comment_Data>&#xD;
               &lt;/wd:Business_Process_Parameters>&#xD;
            &lt;wd:Maintain_Employee_Contracts_Data>&#xD;
                &lt;wd:Employee_Reference>&#xD;
                    &lt;wd:ID wd:type=&quot;Employee_ID&quot;>@{props['Colleague_ID']}&lt;/wd:ID>&#xD;
                &lt;/wd:Employee_Reference>&#xD;
                &lt;wd:Employee_Contract_Data>&#xD;
                    &lt;wd:Effective_Date>@{props['Contract_Start_Date']}&lt;/wd:Effective_Date>&#xD;
                    &lt;wd:Contract_ID>@{props['Contract_ID']}&lt;/wd:Contract_ID>&#xD;
                    &lt;wd:Employee_Contract_ID>@{props['Contract_ID']}&lt;/wd:Employee_Contract_ID>&#xD;
                    &lt;wd:Contract_Start_Date>@{props['Contract_Start_Date']}&lt;/wd:Contract_Start_Date>&#xD;
                    &lt;wd:Contract_End_Date>@{props['Contract_End_Date']}&lt;/wd:Contract_End_Date>&#xD;
                    &lt;wd:Contract_Status_Reference>&#xD;
                        &lt;wd:ID wd:type=&quot;Employee_Contract_Status_ID&quot;>@{props['Contract_Status']}&lt;/wd:ID>&#xD;
                    &lt;/wd:Contract_Status_Reference>&#xD;
                    &#xD;
                 &lt;/wd:Employee_Contract_Data>&#xD;
            &lt;/wd:Maintain_Employee_Contracts_Data>&#xD;
        &lt;/wd:Maintain_Employee_Contracts_Request>&#xD;
    &lt;/env:Body>&#xD;
&lt;/env:Envelope></cc:text>
                    </cc:message>
                </cc:write>
            </cc:steps>
        </cc:async-mediation>
        <cc:local-out id="Status-PIM" store-message="none" execute-when="vars.isVariable('vLog')" endpoint="vm://wcc/PutIntegrationMessage">
            <cc:set name="is.message.severity" value="props['log.severity']"/>
            <cc:set name="is.message.summary" value="'Refer cloud Log for Error Details'"/>
        </cc:local-out>
        <cc:async-mediation id="Store-Log-File" routes-to="Status-PIM" execute-steps-when="vars.isVariable('vLog')">
            <cc:steps>
                <cc:store id="Store" output="message" input="variable" input-variable="vLog" expiresIn="P@{props['doc.period.days']}D" title="CloudLog_SA_Load_Empl_Contract_CO.html"/>
                <cc:eval id="Eval">
                    <cc:expression>props['log.severity'] = 'INFO';</cc:expression>
                    <cc:expression>if(props['isWarn'] == true) {(props['log.severity'] = 'WARNING')};</cc:expression>
                    <cc:expression>if(props['isError'] == true) {(props['log.severity'] = 'ERROR')};</cc:expression>
                </cc:eval>
            </cc:steps>
        </cc:async-mediation>
        <cc:async-mediation id="Log-Error" routes-to="InitializationError">
            <cc:steps>
                <cc:cloud-log id="CloudLog" header="@{props['log.Header']}" level="error" message="Error at: @{context.errorComponentId} - Error Msg: @{context.errorMessage}" message-details="@{context.errorMessage}" output-file-type="HTML" variable-name="vLog"/>
                <cc:eval id="Eval">
                    <cc:expression>props['isError'] = true</cc:expression>
                </cc:eval>
            </cc:steps>
        </cc:async-mediation>
        <cc:async-mediation id="Log-Error0" routes-to="FileRetrievalError">
            <cc:steps>
                <cc:cloud-log id="CloudLog" header="@{props['log.Header']}" level="error" message="Error at: @{context.errorComponentId} - Error Msg: @{context.errorMessage}" message-details="@{context.errorMessage}" output-file-type="HTML" variable-name="vLog"/>
                <cc:eval id="Eval">
                    <cc:expression>props['isError'] = true</cc:expression>
                </cc:eval>
            </cc:steps>
        </cc:async-mediation>
        <cc:local-out id="Call-Load-WorkerCO" store-message="none" routes-response-to="Store-Log-File" endpoint="vm://POV-SA-Employee-Contract-Inbound/LoadWorkerCO"/>
        <cc:local-in id="LoadWorkerCO" routes-to="LoadCO"/>
        <cc:async-mediation id="LoadCO" routes-to="WorkdayOutRest">
            <cc:steps>
                <cc:write id="Write">
                    <cc:message>
                        <cc:text>{&#xD;
  &quot;contractId&quot;:&quot;@{props['Contract_ID']}&quot;,&#xD;
  &quot;certificationName&quot;:&quot;@{props['Certification_Name']}&quot;,&#xD;
  &quot;trainingStartDate&quot;: &quot;@{props['Contract_Start_Date']}&quot;,&#xD;
  &quot;trainingEndDate&quot;:&quot;@{props['Contract_End_Date']}&quot;,&#xD;
	&quot;saStartDate&quot;:&quot;@{props['SA_Start_Date']}&quot;,&#xD;
	&quot;saEndDate&quot;:&quot;@{props['SA_End_Date']}&quot;,&#xD;
	&quot;managerName&quot;: &quot;@{props['Manager_Name']}&quot;,&#xD;
	&quot;designation&quot;:&quot;Director&quot;,&#xD;
    &quot;saAmount&quot;:{&quot;currency&quot;:&quot;INR&quot;,&quot;value&quot;: &quot;@{props['Cost']}&quot;},&#xD;
     &quot;worker&quot;:{&quot;id&quot;:&quot;Employee_ID=@{props['Colleague_ID']}&quot;}&#xD;
}&#xD;
</cc:text>
                    </cc:message>
                </cc:write>
            </cc:steps>
        </cc:async-mediation>
        <cc:workday-out-rest id="WorkdayOutRest" extra-path="@{intsys.customObjectService.getExtrapath('WorkerCO')}?updateIfExists=true" method="POST"/>
        <cc:local-in id="SA_Applicability" routes-to="GetWorker"/>
        <cc:async-mediation id="GetWorker" routes-to="WorkdayOutSoap">
            <cc:steps>
                <cc:write id="Write">
                    <cc:message>
                        <cc:text>&lt;?xml version=&quot;1.0&quot; ?>&#xD;
&lt;env:Envelope xmlns:env=&quot;http://schemas.xmlsoap.org/soap/envelope/&quot;>&#xD;
    &lt;env:Body>&#xD;
        &lt;wd:Get_Workers_Request xmlns:wd=&quot;urn:com.workday/bsvc&quot; wd:version=&quot;v33.2&quot;>&#xD;
            &lt;wd:Request_References>&#xD;
                &lt;wd:Worker_Reference>&#xD;
                    &lt;wd:ID wd:type=&quot;Employee_ID&quot;>@{props['Colleague_ID']}&lt;/wd:ID>&#xD;
                &lt;/wd:Worker_Reference>&#xD;
            &lt;/wd:Request_References>&#xD;
            &lt;wd:Response_Filter>&#xD;
                 &lt;wd:As_Of_Effective_Date>@{props['Contract_Start_Date']}&lt;/wd:As_Of_Effective_Date>&#xD;
                &lt;wd:Page>1&lt;/wd:Page>&#xD;
                &lt;wd:Count>1&lt;/wd:Count>&#xD;
            &lt;/wd:Response_Filter>&#xD;
            &lt;wd:Response_Group>&#xD;
                &lt;wd:Include_Employment_Information>true&lt;/wd:Include_Employment_Information>&#xD;
                &lt;wd:Include_Roles>true&lt;/wd:Include_Roles>&#xD;
                &lt;wd:Include_Management_Chain_Data>true&lt;/wd:Include_Management_Chain_Data>&#xD;
                &lt;wd:Include_Career>false&lt;/wd:Include_Career>&#xD;
            &lt;/wd:Response_Group>&#xD;
        &lt;/wd:Get_Workers_Request>&#xD;
    &lt;/env:Body>&#xD;
&lt;/env:Envelope></cc:text>
                    </cc:message>
                </cc:write>
            </cc:steps>
        </cc:async-mediation>
        <cc:workday-out-soap id="WorkdayOutSoap" routes-response-to="AsyncMediation" application="Staffing" version="v33.2"/>
        <cc:async-mediation id="AsyncMediation">
            <cc:steps>
                <cc:log id="Log">
                    <cc:log-message>
                        <cc:message-content/>
                    </cc:log-message>
                </cc:log>
                <cc:eval id="Eval"/>
            </cc:steps>
        </cc:async-mediation>
        <cc:async-mediation id="AsyncMediation0" routes-to="ConvertCSVtoXML">
            <cc:steps>
                <cc:copy id="Copy"/>
            </cc:steps>
        </cc:async-mediation>
        <cc:workday-out-soap id="CreateContract" application="Staffing" version="v32.2"/>
	</cc:assembly>

</beans>