<?xml version="1.0" encoding="UTF-8"?>
<wdnm:Diagram xmlns:wdnm="http://workday.com/studio/editors/notation">
  <element href="assembly.xml#WorkdayAssembly"/>
  <visualProperties>
    <element href="assembly.xml#GetBgProcessStatus"/>
  </visualProperties>
  <visualProperties>
    <element href="assembly.xml#AM-BgStatusRequest"/>
  </visualProperties>
  <visualProperties>
    <element href="assembly.xml#WorkdayOutSoap-BgStatus"/>
  </visualProperties>
  <visualProperties>
    <element href="assembly.xml#AM-BgProcessStatusResponse"/>
  </visualProperties>
  <visualProperties>
    <element href="assembly.xml#AM-LogBgResponse"/>
  </visualProperties>
  <visualProperties x="61" y="413">
    <element href="assembly.xml#GetTaxImportStatus"/>
  </visualProperties>
  <visualProperties x="202" y="428">
    <element href="assembly.xml#AM-Init"/>
  </visualProperties>
  <visualProperties x="356" y="463">
    <element href="assembly.xml#AM-LogListDetails"/>
  </visualProperties>
  <visualProperties x="522" y="444">
    <element href="assembly.xml#LoopWIDList"/>
  </visualProperties>
  <visualProperties x="668" y="498">
    <element href="assembly.xml#AM-InitBg"/>
  </visualProperties>
  <visualProperties x="830" y="483">
    <element href="assembly.xml#AM-LogBgWID"/>
  </visualProperties>
  <visualProperties x="991" y="470">
    <element href="assembly.xml#Call-GetBgProcessStatus"/>
  </visualProperties>
  <visualProperties x="645" y="729">
    <element href="assembly.xml#AM-EvaluateBgProcessStatus"/>
  </visualProperties>
  <visualProperties x="746" y="798">
    <element href="assembly.xml#AM-EvaluateLoopStatus"/>
  </visualProperties>
  <visualProperties x="1009" y="795">
    <element href="assembly.xml#AM-LogLoopStatus"/>
  </visualProperties>
  <visualProperties x="35" y="454">
    <element href="assembly.xml#ProcessWIDList"/>
  </visualProperties>
  <visualProperties x="546" y="198">
    <element href="assembly.xml#Call-ProcessWIDList"/>
  </visualProperties>
  <visualProperties x="677" y="206">
    <element href="assembly.xml#AM-LogWIDs"/>
  </visualProperties>
  <visualProperties x="929" y="199">
    <element href="assembly.xml#Call-ReportPendingWIDs"/>
  </visualProperties>
  <visualProperties x="947" y="221">
    <element href="assembly.xml#AM-InitPendingList"/>
  </visualProperties>
  <visualProperties x="976" y="699">
    <element href="assembly.xml#AM-LogPendingWIDsStatus"/>
  </visualProperties>
  <visualProperties x="383" y="474">
    <element href="assembly.xml#AM-InitLog"/>
  </visualProperties>
  <visualProperties x="35" y="1028">
    <element href="assembly.xml#ProcessBgWID"/>
  </visualProperties>
  <visualProperties x="119" y="1021">
    <element href="assembly.xml#LoopForWID"/>
  </visualProperties>
  <visualProperties x="307" y="1107">
    <element href="assembly.xml#GetBgProcessStatus0"/>
  </visualProperties>
  <visualProperties x="480" y="1122">
    <element href="assembly.xml#AsyncMediation"/>
  </visualProperties>
  <visualProperties x="675" y="1100">
    <element href="assembly.xml#AsyncMediation0"/>
  </visualProperties>
  <visualProperties x="156" y="1109">
    <element href="assembly.xml#AsyncMediation1"/>
  </visualProperties>
  <visualProperties x="1185" y="914">
    <element href="assembly.xml#PutSOAPMessage"/>
  </visualProperties>
  <decorations x="37" y="35" width="252" height="60" text="This sub assembly checks the Import Status"/>
  <connections type="routesResponseTo" sourceAnchorX="0.8050314465408805" sourceAnchorY="1.0" targetAnchorX="0.40609137055837563" targetAnchorY="0.13829787234042554">
    <source href="assembly.xml#WorkdayOutSoap-BgStatus"/>
    <target href="assembly.xml#AM-BgProcessStatusResponse"/>
  </connections>
  <connections type="routesTo" sourceAnchorX="1.0" sourceAnchorY="0.20212765957446807" targetAnchorX="0.05042016806722689" targetAnchorY="0.851063829787234">
    <source href="assembly.xml#AM-BgProcessStatusResponse"/>
    <target href="assembly.xml#AM-LogBgResponse"/>
  </connections>
  <connections type="routesTo" sourceAnchorX="0.7151162790697675" sourceAnchorY="1.0" targetAnchorX="0.2251655629139073" targetAnchorY="0.1595744680851064">
    <source href="assembly.xml#GetBgProcessStatus"/>
    <target href="assembly.xml#AM-BgStatusRequest"/>
  </connections>
  <connections type="routesTo" sourceAnchorX="0.4878048780487805" sourceAnchorY="1.0" targetAnchorX="0.12598425196850394" targetAnchorY="0.4574468085106383">
    <source href="assembly.xml#GetTaxImportStatus"/>
    <target href="assembly.xml#AM-Init"/>
  </connections>
  <connections type="routesTo" sourceAnchorX="1.0" sourceAnchorY="0.2127659574468085" targetAnchorX="0.44660194174757284" targetAnchorY="0.574468085106383">
    <source href="assembly.xml#AM-Init"/>
    <target href="assembly.xml#AM-LogListDetails"/>
  </connections>
  <connections type="routesTo" sourceAnchorX="0.9626865671641791" sourceAnchorY="1.0" targetAnchorX="0.30578512396694213" targetAnchorY="0.7978723404255319">
    <source href="assembly.xml#AM-InitBg"/>
    <target href="assembly.xml#AM-LogBgWID"/>
  </connections>
  <connections type="routesTo" sourceAnchorX="0.859504132231405" sourceAnchorY="1.0" targetAnchorX="0.3686868686868687" targetAnchorY="0.7567567567567568">
    <source href="assembly.xml#AM-LogBgWID"/>
    <target href="assembly.xml#Call-GetBgProcessStatus"/>
  </connections>
  <connections type="routesResponseTo" sourceAnchorX="0.5050505050505051" sourceAnchorY="1.0" targetAnchorX="0.7686567164179104" targetAnchorY="0.5425531914893617">
    <source href="assembly.xml#Call-GetBgProcessStatus"/>
    <target href="assembly.xml#AM-EvaluateBgProcessStatus"/>
  </connections>
  <connections type="routesTo" sourceAnchorX="0.0" sourceAnchorY="0.1595744680851064" targetAnchorX="0.47904191616766467" targetAnchorY="0.09574468085106383">
    <source href="assembly.xml#AM-EvaluateBgProcessStatus"/>
    <target href="assembly.xml#AM-EvaluateLoopStatus"/>
  </connections>
  <connections type="routesTo" sourceAnchorX="1.0" sourceAnchorY="0.3191489361702128" targetAnchorX="0.6506849315068494" targetAnchorY="0.776595744680851">
    <source href="assembly.xml#AM-EvaluateLoopStatus"/>
    <target href="assembly.xml#AM-LogLoopStatus"/>
  </connections>
  <connections type="routesTo" sourceAnchorX="0.5958904109589042" sourceAnchorY="1.0" targetAnchorX="0.035398230088495575" targetAnchorY="0.36363636363636365">
    <source href="assembly.xml#ProcessWIDList"/>
    <target href="assembly.xml#LoopWIDList"/>
  </connections>
  <connections type="routesTo" sourceAnchorX="1.0" sourceAnchorY="0.1595744680851064" targetAnchorX="0.5174418604651163" targetAnchorY="0.21621621621621623">
    <source href="assembly.xml#AM-LogListDetails"/>
    <target href="assembly.xml#Call-ProcessWIDList"/>
  </connections>
  <connections type="routesResponseTo" sourceAnchorX="0.7616279069767442" sourceAnchorY="1.0" targetAnchorX="0.012578616352201259" targetAnchorY="0.6276595744680851">
    <source href="assembly.xml#Call-ProcessWIDList"/>
    <target href="assembly.xml#AM-LogWIDs"/>
  </connections>
  <connections type="routesTo" sourceAnchorX="0.0" sourceAnchorY="0.358695652173913" targetAnchorX="0.4336734693877551" targetAnchorY="0.43243243243243246">
    <source href="assembly.xml#AM-InitPendingList"/>
    <target href="assembly.xml#Call-ReportPendingWIDs"/>
  </connections>
  <connections type="routesTo" sourceAnchorX="1.0" sourceAnchorY="0.3829787234042553" targetAnchorX="0.17525773195876287" targetAnchorY="0.776595744680851">
    <source href="assembly.xml#AM-LogLoopStatus"/>
    <target href="assembly.xml#AM-LogPendingWIDsStatus"/>
  </connections>
  <connections type="routesTo" sourceAnchorX="1.0" sourceAnchorY="0.5882352941176471" targetAnchorX="0.5039370078740157" targetAnchorY="0.14130434782608695">
    <source href="assembly.xml#//@beans/@mixed.1/@route.0/@subRoute.0"/>
    <target href="assembly.xml#AM-InitLog"/>
  </connections>
  <connections type="routesTo" sourceAnchorX="1.0" sourceAnchorY="0.34782608695652173" targetAnchorX="0.5895522388059702" targetAnchorY="0.19148936170212766">
    <source href="assembly.xml#AM-InitLog"/>
    <target href="assembly.xml#AM-InitBg"/>
  </connections>
  <connections type="routesTo" sourceAnchorX="1.0" sourceAnchorY="0.22340425531914893" targetAnchorX="0.3333333333333333" targetAnchorY="0.648936170212766">
    <source href="assembly.xml#AM-LogWIDs"/>
    <target href="assembly.xml#AM-InitPendingList"/>
  </connections>
  <connections type="routesTo" sourceAnchorX="0.826530612244898" sourceAnchorY="1.0" targetAnchorX="0.1452513966480447" targetAnchorY="0.4864864864864865">
    <source href="assembly.xml#//@beans/@mixed.1/@route.1/@subRoute.0"/>
    <target href="assembly.xml#GetBgProcessStatus0"/>
  </connections>
  <connections type="routesResponseTo" sourceAnchorX="0.8659217877094972" sourceAnchorY="1.0" targetAnchorX="0.14960629921259844" targetAnchorY="0.7127659574468085">
    <source href="assembly.xml#GetBgProcessStatus0"/>
    <target href="assembly.xml#AsyncMediation"/>
  </connections>
  <connections type="routesTo" sourceAnchorX="1.0" sourceAnchorY="0.3191489361702128" targetAnchorX="0.2537313432835821" targetAnchorY="0.6382978723404256">
    <source href="assembly.xml#AsyncMediation"/>
    <target href="assembly.xml#AsyncMediation0"/>
  </connections>
  <connections type="routesTo" sourceAnchorX="0.6950354609929078" sourceAnchorY="1.0" targetAnchorX="0.373134328358209" targetAnchorY="0.6630434782608695">
    <source href="assembly.xml#ProcessBgWID"/>
    <target href="assembly.xml#AsyncMediation1"/>
  </connections>
  <connections type="routesTo" sourceAnchorX="1.0" sourceAnchorY="0.3804347826086957" targetAnchorX="0.2072072072072072" targetAnchorY="0.551948051948052">
    <source href="assembly.xml#AsyncMediation1"/>
    <target href="assembly.xml#LoopForWID"/>
  </connections>
  <connections type="routesTo" sourceAnchorX="1.0" sourceAnchorY="0.358695652173913" targetAnchorX="0.35119047619047616" targetAnchorY="0.5135135135135135">
    <source href="assembly.xml#AM-BgStatusRequest"/>
    <target href="assembly.xml#WorkdayOutSoap-BgStatus"/>
  </connections>
  <connections type="routesTo" sourceAnchorX="0.819672131147541" sourceAnchorY="1.0" targetAnchorX="0.7744360902255639" targetAnchorY="0.32432432432432434">
    <source href="assembly.xml#//@beans/@mixed.1/@mixed.7/@mixed.3"/>
    <target href="assembly.xml#PutSOAPMessage"/>
  </connections>
  <swimlanes x="18" y="827" name="Get Background Process Status">
    <elements href="assembly.xml#GetBgProcessStatus"/>
    <elements href="#//@swimlanes.7"/>
    <elements href="assembly.xml#WorkdayOutSoap-BgStatus"/>
    <elements href="assembly.xml#AM-BgProcessStatusResponse"/>
    <elements href="assembly.xml#AM-LogBgResponse"/>
  </swimlanes>
  <swimlanes x="24" y="284" name="Loop the list of WIDs">
    <elements href="assembly.xml#ProcessWIDList"/>
    <elements href="assembly.xml#LoopWIDList"/>
    <elements href="#//@swimlanes.2"/>
  </swimlanes>
  <swimlanes x="693" y="519" name="For Each WIDs" orientation="VERTICAL">
    <elements href="#//@swimlanes.3"/>
    <elements href="assembly.xml#Call-GetBgProcessStatus"/>
    <elements href="#//@swimlanes.4"/>
  </swimlanes>
  <swimlanes x="669" y="434" name="Swimlane">
    <elements href="assembly.xml#AM-InitLog"/>
    <elements href="assembly.xml#AM-InitBg"/>
    <elements href="assembly.xml#AM-LogBgWID"/>
  </swimlanes>
  <swimlanes x="761" y="672" name="Swimlane">
    <elements href="assembly.xml#AM-EvaluateBgProcessStatus"/>
    <elements href="assembly.xml#AM-EvaluateLoopStatus"/>
    <elements href="assembly.xml#AM-LogLoopStatus"/>
    <elements href="assembly.xml#AM-LogPendingWIDsStatus"/>
  </swimlanes>
  <swimlanes x="24" y="111" name="Get Import status for a list of WIDs">
    <elements href="assembly.xml#GetTaxImportStatus"/>
    <elements href="assembly.xml#AM-Init"/>
    <elements href="assembly.xml#AM-LogListDetails"/>
    <elements href="assembly.xml#Call-ProcessWIDList"/>
    <elements href="assembly.xml#AM-LogWIDs"/>
    <elements href="assembly.xml#AM-InitPendingList"/>
    <elements href="assembly.xml#Call-ReportPendingWIDs"/>
  </swimlanes>
  <swimlanes x="18" y="1114" name="Loop for single WID">
    <elements href="assembly.xml#ProcessBgWID"/>
    <elements href="assembly.xml#AsyncMediation1"/>
    <elements href="assembly.xml#LoopForWID"/>
    <elements href="assembly.xml#GetBgProcessStatus0"/>
    <elements href="assembly.xml#AsyncMediation"/>
    <elements href="assembly.xml#AsyncMediation0"/>
  </swimlanes>
  <swimlanes x="624" y="867" name="Swimlane" orientation="VERTICAL">
    <elements href="assembly.xml#AM-BgStatusRequest"/>
    <elements href="assembly.xml#PutSOAPMessage"/>
  </swimlanes>
</wdnm:Diagram>
