<?xml version="1.0" encoding="UTF-8"?>
<wdnm:Diagram xmlns:wdnm="http://workday.com/studio/editors/notation">
  <element href="assembly.xml#WorkdayAssembly"/>
  <visualProperties x="92" y="184">
    <element href="assembly.xml#StartHere"/>
  </visualProperties>
  <visualProperties x="369" y="197">
    <element href="assembly.xml#AsyncMediation"/>
  </visualProperties>
  <visualProperties x="585" y="238">
    <element href="assembly.xml#WorkdayOutSoap"/>
  </visualProperties>
  <visualProperties x="875" y="249">
    <element href="assembly.xml#PutIntegrationMessage"/>
  </visualProperties>
  <connections type="routesTo" sourceAnchorX="0.773109243697479" sourceAnchorY="1.0" targetAnchorX="0.1048951048951049" targetAnchorY="0.6521739130434783">
    <source href="assembly.xml#StartHere"/>
    <target href="assembly.xml#AsyncMediation"/>
  </connections>
  <connections type="routesTo" sourceAnchorX="0.0" sourceAnchorY="0.2604166666666667" targetAnchorX="0.41040462427745666" targetAnchorY="0.4864864864864865">
    <source href="assembly.xml#AsyncMediation"/>
    <target href="assembly.xml#WorkdayOutSoap"/>
  </connections>
  <connections type="routesResponseTo" sourceAnchorX="0.7167630057803468" sourceAnchorY="1.0" targetAnchorX="0.2780487804878049" targetAnchorY="0.6216216216216216">
    <source href="assembly.xml#WorkdayOutSoap"/>
    <target href="assembly.xml#PutIntegrationMessage"/>
  </connections>
</wdnm:Diagram>
