<?xml version="1.0" encoding="UTF-8"?>
<beans
     xmlns="http://www.springframework.org/schema/beans"
     xmlns:beans="http://www.springframework.org/schema/beans"
     xmlns:atom="http://www.w3.org/2005/Atom"
     xmlns:cc="http://www.capeclear.com/assembly/10"
     xmlns:cloud="urn:com.workday/esb/cloud/10.0"
     xmlns:env="http://schemas.xmlsoap.org/soap/envelope/"
     xmlns:pi="urn:com.workday/picof"
     xmlns:wd="urn:com.workday/bsvc"
     xmlns:xsi="http://www.w3.org/2001/XMLSchema-instance">
 
	<cc:assembly id="WorkdayAssembly" version="2020.9">
        <cc:workday-in id="StartHere" routes-to="CallInitialize">
            <cc:integration-system name="INT0033QuestDemographicsOutbound-New">
        <cloud:param name="Prompt Date">
          <cloud:type>
            <cloud:simple-type>date</cloud:simple-type>
          </cloud:type>
          <cloud:default>
            <cloud:class-report-field description="Current Moment (DateTime)" type="WID">df4effe76deb4222a79001d6737cf91c</cloud:class-report-field>
          </cloud:default>
        </cloud:param>
        <cloud:attribute-map-service name="INT0033 Generic Service">
          <cloud:attribute name="Document Retention Policy">
            <cloud:type>
              <cloud:simple-type>text</cloud:simple-type>
            </cloud:type>
          </cloud:attribute>
        </cloud:attribute-map-service>
        <cloud:sequence-generator-service name="INT0033 Quest Demographics Outbound Sequence Generator">
          <cloud:sequencer>INT0033 Quest Demographic Outbound Sequence Generator</cloud:sequencer>
        </cloud:sequence-generator-service>
        <cloud:report-service name="INT0033 Quest Demographics Outbound Report">
          <cloud:report-alias description="INT0033 Quest Demographics Data Outbound" name="INT0033 Quest Demographics">
            <cloud:report-reference description="DNU Studio CR POV" type="WID">d68df207139701ca7a1acf6327000a01</cloud:report-reference>
          </cloud:report-alias>
        </cloud:report-service>
      </cc:integration-system>
        </cc:workday-in>
        <cc:local-in id="Initialize" routes-to="AsyncMediation"/>
        <cc:async-mediation id="AsyncMediation" routes-to="CallRAASReport">
            <cc:steps>
                <cc:eval id="LP">
                    <cc:expression>props['ia.document.retention.policy'] = 'P'# intsys.getAttribute('Document Retention Policy') #'D'</cc:expression>
                    <cc:expression>props['lp.AsOfEffectiveDate'] = lp.getDate('Prompt Date')</cc:expression>
                </cc:eval>
                <cc:eval id="Props">
                    <cc:expression>props['output.file.name.Demographic'] = lp.getSequencedValue('INT0033 Quest Demographic Outbound Sequence Generator')</cc:expression>
                </cc:eval>
            </cc:steps>
            <cc:send-error id="SendError" routes-to="InitializationError"/>
        </cc:async-mediation>
        <cc:workday-out-rest id="CallRAASReport" routes-response-to="AsyncMediation0" extra-path="@{intsys.reportService.getExtrapath('INT0033 Quest Demographics')}?promptDate1=@{props['lp.AsOfEffectiveDate']}"/>
        <cc:async-mediation id="AsyncMediation0" routes-to="PutFile">
            <cc:steps>
                <cc:xslt-plus id="XsltPlus" url="INT0033 Quest Demographics Outbound.xsl"/>
                <cc:store id="Store" output="variable" output-mimetype="text/csv" output-variable="ReportOutput" expiresIn="@{props['ia.document.retention.policy']}" title="@{props['output.file.name.Demographic']}"/>
            </cc:steps>
            <cc:send-error id="SendError" routes-to="TransformationError"/>
        </cc:async-mediation>
        <cc:local-out id="PutFile" endpoint="vm://wcc/PutIntegrationMessage"><cc:set name="is.message.severity" value="'INFO'"/><cc:set name="is.message.summary" value="'Demographic Output File is Generated'"/><cc:set name="is.document.file.name" value="props['output.file.name.Demographic']"/><cc:set name="is.document.deliverable" value="'true'"/><cc:set name="is.document.variable.name" value="'ReportOutput'"/></cc:local-out>
        <cc:local-out id="CallInitialize" store-message="none" endpoint="vm://INT0033QuestDemographicsOutbound-New/Initialize"/>
        <cc:local-out id="TransformationError" endpoint="vm://wcc/PutIntegrationMessage"><cc:set name="is.message.severity" value="'INFO'"/><cc:set name="is.message.summary" value="'Error while transforming'"/></cc:local-out>
        <cc:local-out id="InitializationError" endpoint="vm://wcc/PutIntegrationMessage"><cc:set name="is.message.severity" value="'INFO'"/><cc:set name="is.message.summary" value="'Error while Initializing'"/></cc:local-out>
        <cc:send-error id="global-error-handler" rethrow-error="false" routes-to="PutIntegrationMessage"/>
        <cc:local-out id="PutIntegrationMessage" routes-response-to="PutIntegrationEvent" endpoint="vm://wcc/PutIntegrationMessage"><cc:set name="is.message.severity" value="'INFO'"/><cc:set name="is.message.summary"/></cc:local-out>
        <cc:local-out id="PutIntegrationEvent" endpoint="vm://wcc/PutIntegrationEvent"><cc:set name="is.event.completed"/></cc:local-out>
	</cc:assembly>

</beans>