<?xml version="1.0" encoding="UTF-8"?>
<wdnm:Diagram xmlns:wdnm="http://workday.com/studio/editors/notation">
  <element href="assembly.xml#WorkdayAssembly"/>
  <visualProperties x="-605" y="53">
    <element href="assembly.xml#StartHere_US"/>
  </visualProperties>
  <visualProperties x="-436" y="63">
    <element href="assembly.xml#Sync-Initialize"/>
  </visualProperties>
  <visualProperties x="-393" y="385">
    <element href="assembly.xml#Call-Get_Data"/>
  </visualProperties>
  <visualProperties x="38" y="392">
    <element href="assembly.xml#Get_Data"/>
  </visualProperties>
  <visualProperties x="-418" y="502">
    <element href="assembly.xml#Call-Deliver_Document"/>
  </visualProperties>
  <visualProperties x="30" y="2771">
    <element href="assembly.xml#Deliver_Document"/>
  </visualProperties>
  <visualProperties x="53" y="3313">
    <element href="assembly.xml#//@beans/@mixed.1/@mixed.13"/>
  </visualProperties>
  <visualProperties x="212" y="3313">
    <element href="assembly.xml#Call_Critical_Message"/>
  </visualProperties>
  <visualProperties x="453" y="3313">
    <element href="assembly.xml#Call_Critical_Event"/>
  </visualProperties>
  <visualProperties x="27" y="793">
    <element href="assembly.xml#Transform_Data"/>
  </visualProperties>
  <visualProperties x="221" y="731">
    <element href="assembly.xml#Splitter"/>
  </visualProperties>
  <visualProperties x="720" y="738">
    <element href="assembly.xml#Async-Transform_Response"/>
  </visualProperties>
  <visualProperties x="1297" y="749">
    <element href="assembly.xml#Aggregate_Response"/>
  </visualProperties>
  <visualProperties x="-334" y="256">
    <element href="assembly.xml#PutIntegrationMessage"/>
  </visualProperties>
  <visualProperties x="649" y="2882">
    <element href="assembly.xml#ErrorTransformingDeliveringOutputFile"/>
  </visualProperties>
  <visualProperties x="1343" y="2771">
    <element href="assembly.xml#MsgStore_Output_File"/>
  </visualProperties>
  <visualProperties x="1509" y="749">
    <element href="assembly.xml#Aggregator"/>
  </visualProperties>
  <visualProperties x="-405" y="3340">
    <element href="assembly.xml#IntegrationComplete"/>
  </visualProperties>
  <visualProperties x="370" y="738">
    <element href="assembly.xml#Async-Skip0NetAmount"/>
  </visualProperties>
  <visualProperties x="589" y="738">
    <element href="assembly.xml#SetProps"/>
  </visualProperties>
  <visualProperties x="32" y="1125">
    <element href="assembly.xml#Audit_Log"/>
  </visualProperties>
  <visualProperties x="985" y="775">
    <element href="assembly.xml#Call_Audit_Log"/>
  </visualProperties>
  <visualProperties x="-399" y="3056">
    <element href="assembly.xml#Call-Deliver_Audit"/>
  </visualProperties>
  <visualProperties x="704" y="1030">
    <element href="assembly.xml#Deliver_Audit"/>
  </visualProperties>
  <visualProperties x="1065" y="1141">
    <element href="assembly.xml#Store_Audit_Log"/>
  </visualProperties>
  <visualProperties x="-173" y="874">
    <element href="assembly.xml#PutIntegrationMessage20"/>
  </visualProperties>
  <visualProperties x="437" y="857">
    <element href="assembly.xml#PutIntegrationMessage30"/>
  </visualProperties>
  <visualProperties x="187" y="1091">
    <element href="assembly.xml#Write_Log0"/>
  </visualProperties>
  <visualProperties x="690" y="1089">
    <element href="assembly.xml#AsyncMediation00"/>
  </visualProperties>
  <visualProperties x="-171" y="98">
    <element href="assembly.xml#WorkdayOutSoap"/>
  </visualProperties>
  <visualProperties x="27" y="54">
    <element href="assembly.xml#GetPaymentDate"/>
  </visualProperties>
  <visualProperties x="571" y="60">
    <element href="assembly.xml#Validate_US"/>
  </visualProperties>
  <visualProperties x="711" y="2737">
    <element href="assembly.xml#AggregateOutputFile"/>
  </visualProperties>
  <visualProperties x="242" y="2727">
    <element href="assembly.xml#TransformOutputFile"/>
  </visualProperties>
  <visualProperties x="1148" y="2727">
    <element href="assembly.xml#Deliver_Output_File"/>
  </visualProperties>
  <visualProperties x="-420" y="441">
    <element href="assembly.xml#Call-Close_Aggregator"/>
  </visualProperties>
  <visualProperties x="2905" y="726">
    <element href="assembly.xml#Close_Aggregator"/>
  </visualProperties>
  <visualProperties x="2960" y="172">
    <element href="assembly.xml#Write_To_Aggregator"/>
  </visualProperties>
  <visualProperties x="2356" y="911">
    <element href="assembly.xml#ErrorMessage"/>
  </visualProperties>
  <visualProperties x="-381" y="3160">
    <element href="assembly.xml#StoreErrorLog"/>
  </visualProperties>
  <visualProperties x="-377" y="3277">
    <element href="assembly.xml#StoreError"/>
  </visualProperties>
  <visualProperties x="194" y="340">
    <element href="assembly.xml#PrepareGetPayslips"/>
  </visualProperties>
  <visualProperties x="187" y="473">
    <element href="assembly.xml#ErroGetPayslipsWWS"/>
  </visualProperties>
  <visualProperties x="201" y="516">
    <element href="assembly.xml#SetErrorGetPayslips"/>
  </visualProperties>
  <visualProperties x="1132" y="2894">
    <element href="assembly.xml#ErrorZippingOutputFile"/>
  </visualProperties>
  <visualProperties x="941" y="2727">
    <element href="assembly.xml#ZipTheFile"/>
  </visualProperties>
  <visualProperties x="392" y="1091">
    <element href="assembly.xml#Aggregate_Log"/>
  </visualProperties>
  <visualProperties x="59" y="874">
    <element href="assembly.xml#Aggregate_Audit"/>
  </visualProperties>
  <visualProperties x="-436" y="2961">
    <element href="assembly.xml#Call-Aggregate_Audit"/>
  </visualProperties>
  <visualProperties x="1148" y="738">
    <element href="assembly.xml#Async-Copy"/>
  </visualProperties>
  <visualProperties x="165" y="281">
    <element href="assembly.xml#Get_Payroll_Payslips_Request_Parallel"/>
  </visualProperties>
  <visualProperties x="678" y="281">
    <element href="assembly.xml#Call-Transform_Data"/>
  </visualProperties>
  <visualProperties x="-42" y="193">
    <element href="assembly.xml#PutIntegrationMessage0"/>
  </visualProperties>
  <visualProperties x="236" y="209">
    <element href="assembly.xml#PutIntegrationMessage1"/>
  </visualProperties>
  <visualProperties x="499" y="262">
    <element href="assembly.xml#CountPayslips"/>
  </visualProperties>
  <visualProperties x="498" y="405">
    <element href="assembly.xml#ErrorNoPayslips"/>
  </visualProperties>
  <visualProperties x="441" y="493">
    <element href="assembly.xml#Route"/>
  </visualProperties>
  <visualProperties x="1308" y="826">
    <element href="assembly.xml#Async-Transform_Response0"/>
  </visualProperties>
  <visualProperties x="1872" y="826">
    <element href="assembly.xml#Call_Audit_Log0"/>
  </visualProperties>
  <visualProperties x="2240" y="826">
    <element href="assembly.xml#Async-Copy0"/>
  </visualProperties>
  <visualProperties x="2546" y="826">
    <element href="assembly.xml#Aggregate_Response0"/>
  </visualProperties>
  <visualProperties x="2972" y="826">
    <element href="assembly.xml#Aggregator0"/>
  </visualProperties>
  <visualProperties>
    <element href="assembly.xml#Deliver_Document0"/>
  </visualProperties>
  <visualProperties>
    <element href="assembly.xml#TransformOutputFile0"/>
  </visualProperties>
  <visualProperties>
    <element href="assembly.xml#AggregateOutputFile0"/>
  </visualProperties>
  <visualProperties>
    <element href="assembly.xml#ZipTheFile0"/>
  </visualProperties>
  <visualProperties>
    <element href="assembly.xml#ErrorZippingOutputFile0"/>
  </visualProperties>
  <visualProperties>
    <element href="assembly.xml#Deliver_Output_File0"/>
  </visualProperties>
  <visualProperties>
    <element href="assembly.xml#MsgStore_Output_File0"/>
  </visualProperties>
  <visualProperties>
    <element href="assembly.xml#ErrorTransformingDeliveringOutputFile0"/>
  </visualProperties>
  <visualProperties x="2146" y="900">
    <element href="assembly.xml#AsyncMediation"/>
  </visualProperties>
  <visualProperties x="2852" y="534">
    <element href="assembly.xml#AsyncMediation0"/>
  </visualProperties>
  <visualProperties x="-326" y="264">
    <element href="assembly.xml#Call-Close_Aggregator0"/>
  </visualProperties>
  <visualProperties x="-326" y="398">
    <element href="assembly.xml#Call-Deliver_Document0"/>
  </visualProperties>
  <visualProperties x="1916" y="976">
    <element href="assembly.xml#Write_To_Aggregator0"/>
  </visualProperties>
  <visualProperties x="1858" y="1128">
    <element href="assembly.xml#Close_Aggregator0"/>
  </visualProperties>
  <visualProperties x="1698" y="1245">
    <element href="assembly.xml#MsgStore_Output_File00"/>
  </visualProperties>
  <visualProperties x="1883" y="1213">
    <element href="assembly.xml#MsgStore_Output_File1"/>
  </visualProperties>
  <decorations x="-647" y="-142" width="966" height="55" font="Arial|22|1" fontColor="1" type="TEXT" text="INT9002 Alight Check Print Outbound US Only"/>
  <decorations x="185" y="-142" width="640" height="70" type="TEXT" text="Integration that retrieves data from Workday using Get_Payroll_Payslips_Request webservice, applies XSL Transformation and sends output file to vendor via SFTP"/>
  <decorations x="-429" y="-4" width="302" height="47" type="NOTE" text="This is the first section of the assembly that will get the Launch parameter and sets properites"/>
  <connections type="routesTo" sourceAnchorX="1.0" sourceAnchorY="0.7027027027027027" targetAnchorX="0.2892561983471074" targetAnchorY="0.2905405405405405">
    <source href="assembly.xml#StartHere_US"/>
    <target href="assembly.xml#Sync-Initialize"/>
  </connections>
  <connections type="routesTo" sourceAnchorX="0.9732142857142857" sourceAnchorY="0.464" targetAnchorX="0.5035460992907801" targetAnchorY="0.7297297297297297">
    <source href="assembly.xml#Async-Transform_Response"/>
    <target href="assembly.xml#Call_Audit_Log"/>
  </connections>
  <connections type="routesTo" sourceAnchorX="0.926605504587156" sourceAnchorY="0.43333333333333335" targetAnchorX="0.125" targetAnchorY="0.35135135135135137">
    <source href="assembly.xml#//@beans/@mixed.1/@mixed.3/@mixed.5"/>
    <target href="assembly.xml#PutIntegrationMessage"/>
  </connections>
  <connections type="routesTo" sourceAnchorX="1.0" sourceAnchorY="0.16037735849056603" targetAnchorX="0.1503267973856209" targetAnchorY="0.12264150943396226">
    <source href="assembly.xml#Aggregate_Response"/>
    <target href="assembly.xml#Aggregator"/>
  </connections>
  <connections type="routesTo" sourceAnchorX="1.0" sourceAnchorY="0.6216216216216216" targetAnchorX="0.08791208791208792" targetAnchorY="0.4594594594594595">
    <source href="assembly.xml#//@beans/@mixed.1/@mixed.13"/>
    <target href="assembly.xml#Call_Critical_Message"/>
  </connections>
  <connections type="routesResponseTo" sourceAnchorX="0.8461538461538461" sourceAnchorY="0.4594594594594595" targetAnchorX="0.11180124223602485" targetAnchorY="0.40540540540540543">
    <source href="assembly.xml#Call_Critical_Message"/>
    <target href="assembly.xml#Call_Critical_Event"/>
  </connections>
  <connections type="routesTo" sourceAnchorX="0.9361702127659575" sourceAnchorY="0.5294117647058824" targetAnchorX="0.10588235294117647" targetAnchorY="0.456">
    <source href="assembly.xml#//@beans/@mixed.1/@splitter.0/@subRoute.0"/>
    <target href="assembly.xml#Async-Skip0NetAmount"/>
    <bendpoints sourceX="60" sourceY="1" targetX="-52" targetY="54"/>
    <bendpoints sourceX="60" sourceY="-52" targetX="-52" targetY="1"/>
  </connections>
  <connections type="routesTo" sourceAnchorX="0.8647058823529412" sourceAnchorY="0.5760869565217391" targetAnchorX="0.11023622047244094" targetAnchorY="0.5212765957446809">
    <source href="assembly.xml#Async-Skip0NetAmount"/>
    <target href="assembly.xml#SetProps"/>
  </connections>
  <connections type="routesTo" sourceAnchorX="1.0" sourceAnchorY="0.5675675675675675" targetAnchorX="0.10887096774193548" targetAnchorY="0.44">
    <source href="assembly.xml#Audit_Log"/>
    <target href="assembly.xml#Write_Log0"/>
  </connections>
  <connections type="routesTo" sourceAnchorX="0.6307053941908713" sourceAnchorY="1.0" targetAnchorX="0.5202020202020202" targetAnchorY="0.5675675675675675">
    <source href="assembly.xml#//@beans/@mixed.1/@mixed.55/@mixed.3"/>
    <target href="assembly.xml#PutIntegrationMessage20"/>
  </connections>
  <connections type="routesTo" sourceAnchorX="0.627906976744186" sourceAnchorY="1.0" targetAnchorX="0.5133689839572193" targetAnchorY="0.208">
    <source href="assembly.xml#Deliver_Audit"/>
    <target href="assembly.xml#AsyncMediation00"/>
  </connections>
  <connections type="routesTo" sourceAnchorX="0.39444444444444443" sourceAnchorY="1.0" targetAnchorX="0.3888888888888889" targetAnchorY="0.21621621621621623">
    <source href="assembly.xml#//@beans/@mixed.1/@mixed.57/@mixed.3"/>
    <target href="assembly.xml#PutIntegrationMessage30"/>
  </connections>
  <connections type="routesTo" sourceAnchorX="0.8791666666666667" sourceAnchorY="0.287292817679558" targetAnchorX="0.1118421052631579" targetAnchorY="0.40540540540540543">
    <source href="assembly.xml#Sync-Initialize"/>
    <target href="assembly.xml#WorkdayOutSoap"/>
  </connections>
  <connections type="routesTo">
    <source href="assembly.xml#GetPaymentDate"/>
    <target href="assembly.xml#Validate_US"/>
  </connections>
  <connections type="routesTo">
    <source href="assembly.xml#//@beans/@mixed.1/@mixed.69/@mixed.3"/>
    <target href="assembly.xml#ErrorTransformingDeliveringOutputFile"/>
    <bendpoints sourceX="-1" sourceY="68" targetX="242" targetY="-1"/>
  </connections>
  <connections type="routesTo">
    <source href="assembly.xml#//@beans/@mixed.1/@mixed.67/@mixed.3"/>
    <target href="assembly.xml#ErrorTransformingDeliveringOutputFile"/>
    <bendpoints sourceX="-1" sourceY="69" targetX="-345"/>
  </connections>
  <connections type="routesTo">
    <source href="assembly.xml#Close_Aggregator"/>
    <target href="assembly.xml#Aggregate_Response"/>
  </connections>
  <connections type="routesTo">
    <source href="assembly.xml#Write_To_Aggregator"/>
    <target href="assembly.xml#Aggregate_Response"/>
  </connections>
  <connections type="routesTo">
    <source href="assembly.xml#//@beans/@mixed.1/@mixed.37/@mixed.3"/>
    <target href="assembly.xml#ErrorMessage"/>
  </connections>
  <connections type="routesTo">
    <source href="assembly.xml#//@beans/@mixed.1/@mixed.39/@mixed.3"/>
    <target href="assembly.xml#ErrorMessage"/>
  </connections>
  <connections type="routesTo">
    <source href="assembly.xml#//@beans/@mixed.1/@mixed.23/@mixed.3"/>
    <target href="assembly.xml#ErrorMessage"/>
  </connections>
  <connections type="routesResponseTo">
    <source href="assembly.xml#Call-Deliver_Audit"/>
    <target href="assembly.xml#StoreErrorLog"/>
  </connections>
  <connections type="routesTo">
    <source href="assembly.xml#StoreErrorLog"/>
    <target href="assembly.xml#StoreError"/>
  </connections>
  <connections type="routesResponseTo">
    <source href="assembly.xml#StoreError"/>
    <target href="assembly.xml#IntegrationComplete"/>
  </connections>
  <connections type="routesResponseTo">
    <source href="assembly.xml#WorkdayOutSoap"/>
    <target href="assembly.xml#GetPaymentDate"/>
  </connections>
  <connections type="routesTo">
    <source href="assembly.xml#Deliver_Document"/>
    <target href="assembly.xml#TransformOutputFile"/>
  </connections>
  <connections type="routesTo">
    <source href="assembly.xml#TransformOutputFile"/>
    <target href="assembly.xml#AggregateOutputFile"/>
  </connections>
  <connections type="routesTo">
    <source href="assembly.xml#Deliver_Output_File"/>
    <target href="assembly.xml#MsgStore_Output_File"/>
  </connections>
  <connections type="routesTo">
    <source href="assembly.xml#//@beans/@mixed.1/@mixed.83/@mixed.3"/>
    <target href="assembly.xml#ErroGetPayslipsWWS"/>
  </connections>
  <connections type="routesResponseTo">
    <source href="assembly.xml#ErroGetPayslipsWWS"/>
    <target href="assembly.xml#SetErrorGetPayslips"/>
  </connections>
  <connections type="routesTo">
    <source href="assembly.xml#//@beans/@mixed.1/@mixed.89/@mixed.3"/>
    <target href="assembly.xml#ErrorZippingOutputFile"/>
    <bendpoints sourceX="2" sourceY="81" targetX="-221"/>
  </connections>
  <connections type="routesTo">
    <source href="assembly.xml#AggregateOutputFile"/>
    <target href="assembly.xml#ZipTheFile"/>
  </connections>
  <connections type="routesTo">
    <source href="assembly.xml#ZipTheFile"/>
    <target href="assembly.xml#Deliver_Output_File"/>
  </connections>
  <connections type="routesTo" sourceAnchorX="1.0" sourceAnchorY="0.152" targetAnchorX="0.38823529411764707" targetAnchorY="0.1320754716981132">
    <source href="assembly.xml#Write_Log0"/>
    <target href="assembly.xml#Aggregate_Log"/>
  </connections>
  <connections type="routesTo" sourceAnchorX="0.5034013605442177" sourceAnchorY="1.0" targetAnchorX="0.47058823529411764" targetAnchorY="0.07547169811320754">
    <source href="assembly.xml#Aggregate_Audit"/>
    <target href="assembly.xml#Aggregate_Log"/>
  </connections>
  <connections type="routesResponseTo" sourceAnchorX="0.6358024691358025" sourceAnchorY="1.0" targetAnchorX="0.49032258064516127" targetAnchorY="0.7567567567567568">
    <source href="assembly.xml#Call-Aggregate_Audit"/>
    <target href="assembly.xml#Call-Deliver_Audit"/>
  </connections>
  <connections type="routesTo" sourceAnchorX="0.2" sourceAnchorY="1.0" targetAnchorX="0.4666666666666667" targetAnchorY="0.13829787234042554">
    <source href="assembly.xml#//@beans/@mixed.1/@mixed.99/@mixed.3"/>
    <target href="assembly.xml#ErrorMessage"/>
  </connections>
  <connections type="routesResponseTo" sourceAnchorX="0.2695035460992908" sourceAnchorY="1.0" targetAnchorX="0.46859903381642515" targetAnchorY="0.088">
    <source href="assembly.xml#Call_Audit_Log"/>
    <target href="assembly.xml#Async-Copy"/>
  </connections>
  <connections type="routesTo" sourceAnchorX="1.0" sourceAnchorY="0.16" targetAnchorX="0.3496932515337423" targetAnchorY="0.11320754716981132">
    <source href="assembly.xml#Async-Copy"/>
    <target href="assembly.xml#Aggregate_Response"/>
  </connections>
  <connections type="routesTo" sourceAnchorX="1.0" sourceAnchorY="0.168" targetAnchorX="0.1371841155234657" targetAnchorY="0.35135135135135137">
    <source href="assembly.xml#PrepareGetPayslips"/>
    <target href="assembly.xml#Get_Payroll_Payslips_Request_Parallel"/>
  </connections>
  <connections type="routesTo" sourceAnchorX="0.42857142857142855" sourceAnchorY="1.0" targetAnchorX="0.19626168224299065" targetAnchorY="0.4675324675324675">
    <source href="assembly.xml#Transform_Data"/>
    <target href="assembly.xml#Splitter"/>
  </connections>
  <connections type="routesTo" sourceAnchorX="0.6338028169014085" sourceAnchorY="1.0" targetAnchorX="0.47417840375586856" targetAnchorY="0.13513513513513514">
    <source href="assembly.xml#//@beans/@mixed.1/@mixed.61/@mixed.3"/>
    <target href="assembly.xml#PutIntegrationMessage0"/>
  </connections>
  <connections type="routesTo" sourceAnchorX="0.6902654867256637" sourceAnchorY="1.0" targetAnchorX="0.49765258215962443" targetAnchorY="0.05405405405405406">
    <source href="assembly.xml#//@beans/@mixed.1/@mixed.63/@mixed.3"/>
    <target href="assembly.xml#PutIntegrationMessage1"/>
  </connections>
  <connections type="routesTo">
    <source href="assembly.xml#Validate_US"/>
    <target href="assembly.xml#Call-Get_Data"/>
  </connections>
  <connections type="routesTo">
    <source href="assembly.xml#Get_Data"/>
    <target href="assembly.xml#PrepareGetPayslips"/>
  </connections>
  <connections type="routesResponseTo">
    <source href="assembly.xml#Get_Payroll_Payslips_Request_Parallel"/>
    <target href="assembly.xml#CountPayslips"/>
  </connections>
  <connections type="routesTo">
    <source href="assembly.xml#CountPayslips"/>
    <target href="assembly.xml#Call-Transform_Data"/>
  </connections>
  <connections type="routesTo">
    <source href="assembly.xml#//@beans/@mixed.1/@mixed.109/@mixed.3"/>
    <target href="assembly.xml#ErrorNoPayslips"/>
  </connections>
  <connections type="routesResponseTo">
    <source href="assembly.xml#Call-Get_Data"/>
    <target href="assembly.xml#Call-Close_Aggregator"/>
  </connections>
  <connections type="routesTo">
    <source href="assembly.xml#AsyncMediation00"/>
    <target href="assembly.xml#Store_Audit_Log"/>
  </connections>
  <connections type="routesTo">
    <source href="assembly.xml#SetProps"/>
    <target href="assembly.xml#Route"/>
  </connections>
  <connections type="routesTo">
    <source href="assembly.xml#//@beans/@mixed.1/@route.0/@subRoute.0"/>
    <target href="assembly.xml#Async-Transform_Response"/>
  </connections>
  <connections type="routesTo" sourceAnchorX="0.9732142857142857" sourceAnchorY="0.464" targetAnchorX="0.5035460992907801" targetAnchorY="0.7297297297297297">
    <source href="assembly.xml#Async-Transform_Response0"/>
    <target href="assembly.xml#Call_Audit_Log0"/>
  </connections>
  <connections type="routesResponseTo" sourceAnchorX="0.2695035460992908" sourceAnchorY="1.0" targetAnchorX="0.46859903381642515" targetAnchorY="0.088">
    <source href="assembly.xml#Call_Audit_Log0"/>
    <target href="assembly.xml#Async-Copy0"/>
  </connections>
  <connections type="routesTo" sourceAnchorX="1.0" sourceAnchorY="0.16" targetAnchorX="0.3496932515337423" targetAnchorY="0.11320754716981132">
    <source href="assembly.xml#Async-Copy0"/>
    <target href="assembly.xml#Aggregate_Response0"/>
  </connections>
  <connections type="routesTo" sourceAnchorX="1.0" sourceAnchorY="0.16037735849056603" targetAnchorX="0.1503267973856209" targetAnchorY="0.12264150943396226">
    <source href="assembly.xml#Aggregate_Response0"/>
    <target href="assembly.xml#Aggregator0"/>
  </connections>
  <connections type="routesTo">
    <source href="assembly.xml#//@beans/@mixed.1/@route.0/@subRoute.1"/>
    <target href="assembly.xml#Async-Transform_Response0"/>
  </connections>
  <connections type="routesTo">
    <source href="assembly.xml#//@beans/@mixed.1/@mixed.123/@mixed.3"/>
    <target href="assembly.xml#ErrorMessage"/>
  </connections>
  <connections type="routesTo">
    <source href="assembly.xml#//@beans/@mixed.1/@mixed.119/@mixed.3"/>
    <target href="assembly.xml#ErrorMessage"/>
  </connections>
  <connections type="routesTo">
    <source href="assembly.xml#Deliver_Document0"/>
    <target href="assembly.xml#TransformOutputFile0"/>
  </connections>
  <connections type="routesTo">
    <source href="assembly.xml#TransformOutputFile0"/>
    <target href="assembly.xml#AggregateOutputFile0"/>
  </connections>
  <connections type="routesTo">
    <source href="assembly.xml#//@beans/@mixed.1/@mixed.137/@mixed.3"/>
    <target href="assembly.xml#ErrorTransformingDeliveringOutputFile0"/>
    <bendpoints sourceX="-1" sourceY="69" targetX="-345"/>
  </connections>
  <connections type="routesTo">
    <source href="assembly.xml#AggregateOutputFile0"/>
    <target href="assembly.xml#ZipTheFile0"/>
  </connections>
  <connections type="routesTo">
    <source href="assembly.xml#ZipTheFile0"/>
    <target href="assembly.xml#Deliver_Output_File0"/>
  </connections>
  <connections type="routesTo">
    <source href="assembly.xml#//@beans/@mixed.1/@mixed.133/@mixed.3"/>
    <target href="assembly.xml#ErrorZippingOutputFile0"/>
    <bendpoints sourceX="2" sourceY="81" targetX="-221"/>
  </connections>
  <connections type="routesTo">
    <source href="assembly.xml#Deliver_Output_File0"/>
    <target href="assembly.xml#MsgStore_Output_File0"/>
  </connections>
  <connections type="routesTo">
    <source href="assembly.xml#//@beans/@mixed.1/@mixed.129/@mixed.3"/>
    <target href="assembly.xml#ErrorTransformingDeliveringOutputFile0"/>
    <bendpoints sourceX="-1" sourceY="68" targetX="242" targetY="-1"/>
  </connections>
  <connections type="routesTo">
    <source href="assembly.xml#Aggregator0"/>
    <target href="assembly.xml#AsyncMediation"/>
  </connections>
  <connections type="routesTo">
    <source href="assembly.xml#Aggregator"/>
    <target href="assembly.xml#AsyncMediation0"/>
  </connections>
  <connections type="routesTo">
    <source href="assembly.xml#Write_To_Aggregator0"/>
    <target href="assembly.xml#Aggregate_Response0"/>
  </connections>
  <connections type="routesTo">
    <source href="assembly.xml#Close_Aggregator0"/>
    <target href="assembly.xml#Aggregate_Response0"/>
  </connections>
  <connections type="routesResponseTo">
    <source href="assembly.xml#Call-Close_Aggregator"/>
    <target href="assembly.xml#Call-Close_Aggregator0"/>
  </connections>
  <connections type="routesResponseTo">
    <source href="assembly.xml#Call-Close_Aggregator0"/>
    <target href="assembly.xml#Call-Deliver_Document"/>
  </connections>
  <connections type="routesResponseTo">
    <source href="assembly.xml#Call-Deliver_Document"/>
    <target href="assembly.xml#Call-Deliver_Document0"/>
  </connections>
  <connections type="routesResponseTo">
    <source href="assembly.xml#Call-Deliver_Document0"/>
    <target href="assembly.xml#Call-Aggregate_Audit"/>
  </connections>
  <connections type="routesResponseTo">
    <source href="assembly.xml#MsgStore_Output_File0"/>
    <target href="assembly.xml#MsgStore_Output_File00"/>
  </connections>
  <connections type="routesResponseTo">
    <source href="assembly.xml#MsgStore_Output_File"/>
    <target href="assembly.xml#MsgStore_Output_File1"/>
  </connections>
  <swimlanes x="-500" y="1036" name="Deliver Document">
    <elements href="assembly.xml#Deliver_Document"/>
    <elements href="assembly.xml#TransformOutputFile"/>
    <elements href="assembly.xml#AggregateOutputFile"/>
    <elements href="assembly.xml#ZipTheFile"/>
    <elements href="assembly.xml#ErrorZippingOutputFile"/>
    <elements href="assembly.xml#Deliver_Output_File"/>
    <elements href="assembly.xml#MsgStore_Output_File"/>
    <elements href="assembly.xml#MsgStore_Output_File1"/>
    <elements href="assembly.xml#ErrorTransformingDeliveringOutputFile"/>
  </swimlanes>
  <swimlanes x="-582" y="144" name="Local-Out" orientation="VERTICAL">
    <elements href="assembly.xml#Call-Get_Data"/>
    <elements href="assembly.xml#Call-Close_Aggregator"/>
    <elements href="assembly.xml#Call-Deliver_Document"/>
    <elements href="assembly.xml#Call-Aggregate_Audit"/>
    <elements href="assembly.xml#Call-Deliver_Audit"/>
    <elements href="assembly.xml#StoreErrorLog"/>
    <elements href="assembly.xml#StoreError"/>
    <elements href="assembly.xml#IntegrationComplete"/>
  </swimlanes>
  <swimlanes x="-576" y="779" name="Global Error Handler" orientation="VERTICAL">
    <elements href="assembly.xml#//@beans/@mixed.1/@mixed.13"/>
    <elements href="assembly.xml#Call_Critical_Message"/>
    <elements href="assembly.xml#Call_Critical_Event"/>
  </swimlanes>
  <swimlanes x="-602" y="-95" name="Initialize and Validate US Bank">
    <elements href="assembly.xml#StartHere_US"/>
    <elements href="assembly.xml#Sync-Initialize"/>
    <elements href="assembly.xml#WorkdayOutSoap"/>
    <elements href="assembly.xml#GetPaymentDate"/>
    <elements href="assembly.xml#Validate_US"/>
  </swimlanes>
  <swimlanes x="-242" y="144" name="Errors">
    <elements href="assembly.xml#PutIntegrationMessage"/>
    <elements href="assembly.xml#PutIntegrationMessage0"/>
    <elements href="assembly.xml#PutIntegrationMessage1"/>
  </swimlanes>
  <swimlanes x="498" y="-67" name="Get Data">
    <elements href="assembly.xml#Get_Data"/>
    <elements href="assembly.xml#PrepareGetPayslips"/>
    <elements href="assembly.xml#Get_Payroll_Payslips_Request_Parallel"/>
    <elements href="assembly.xml#CountPayslips"/>
    <elements href="assembly.xml#Call-Transform_Data"/>
  </swimlanes>
  <swimlanes x="734" y="126" name="GetDataErrors">
    <elements href="assembly.xml#ErroGetPayslipsWWS"/>
    <elements href="assembly.xml#SetErrorGetPayslips"/>
    <elements href="assembly.xml#ErrorNoPayslips"/>
  </swimlanes>
  <swimlanes x="1534" y="253" name="TransformData">
    <elements href="assembly.xml#Transform_Data"/>
    <elements href="assembly.xml#Splitter"/>
    <elements href="assembly.xml#Async-Skip0NetAmount"/>
    <elements href="assembly.xml#SetProps"/>
    <elements href="assembly.xml#Route"/>
    <elements href="assembly.xml#Async-Transform_Response"/>
    <elements href="assembly.xml#Call_Audit_Log"/>
    <elements href="assembly.xml#Async-Copy"/>
    <elements href="assembly.xml#Aggregate_Response"/>
    <elements href="assembly.xml#Aggregator"/>
    <elements href="assembly.xml#AsyncMediation0"/>
  </swimlanes>
  <swimlanes x="-262" y="653" name="AuditLog">
    <elements href="assembly.xml#Audit_Log"/>
    <elements href="assembly.xml#Write_Log0"/>
    <elements href="assembly.xml#Aggregate_Log"/>
  </swimlanes>
  <swimlanes x="259" y="653" name="DeliverAudit">
    <elements href="assembly.xml#Deliver_Audit"/>
    <elements href="assembly.xml#AsyncMediation00"/>
    <elements href="assembly.xml#Store_Audit_Log"/>
  </swimlanes>
  <swimlanes x="1092" y="762" name="Swimlane">
    <elements href="assembly.xml#Async-Transform_Response0"/>
    <elements href="assembly.xml#Call_Audit_Log0"/>
    <elements href="assembly.xml#Async-Copy0"/>
    <elements href="assembly.xml#Aggregate_Response0"/>
    <elements href="assembly.xml#Aggregator0"/>
    <elements href="assembly.xml#AsyncMediation"/>
  </swimlanes>
  <swimlanes x="-288" y="1304" name="Deliver Document">
    <elements href="assembly.xml#Deliver_Document0"/>
    <elements href="assembly.xml#TransformOutputFile0"/>
    <elements href="assembly.xml#AggregateOutputFile0"/>
    <elements href="assembly.xml#ZipTheFile0"/>
    <elements href="assembly.xml#ErrorZippingOutputFile0"/>
    <elements href="assembly.xml#Deliver_Output_File0"/>
    <elements href="assembly.xml#MsgStore_Output_File0"/>
    <elements href="assembly.xml#MsgStore_Output_File00"/>
    <elements href="assembly.xml#ErrorTransformingDeliveringOutputFile0"/>
  </swimlanes>
</wdnm:Diagram>
