<?xml version="1.0" encoding="UTF-8"?>
<wdnm:Diagram xmlns:wdnm="http://workday.com/studio/editors/notation">
  <element href="assembly.xml#WorkdayAssembly"/>
  <visualProperties x="59" y="44">
    <element href="assembly.xml#StartHere"/>
  </visualProperties>
  <visualProperties x="329" y="183">
    <element href="assembly.xml#AsyncMediation01"/>
  </visualProperties>
  <visualProperties x="632" y="161">
    <element href="assembly.xml#RetrieveInputDocuments0"/>
  </visualProperties>
  <visualProperties x="1003" y="133">
    <element href="assembly.xml#Aggregator10"/>
  </visualProperties>
  <visualProperties x="462" y="580">
    <element href="assembly.xml#AsyncMediation"/>
  </visualProperties>
  <visualProperties x="193" y="395">
    <element href="assembly.xml#PutIntegrationMessage"/>
  </visualProperties>
  <visualProperties x="916" y="265">
    <element href="assembly.xml#AsyncMediation0"/>
  </visualProperties>
  <visualProperties x="241" y="63">
    <element href="assembly.xml#CallRetrieval"/>
  </visualProperties>
  <visualProperties x="106" y="223">
    <element href="assembly.xml#Retrieval"/>
  </visualProperties>
  <visualProperties x="465" y="78">
    <element href="assembly.xml#CallCloseAgg"/>
  </visualProperties>
  <visualProperties x="967" y="88">
    <element href="assembly.xml#Closeagg"/>
  </visualProperties>
  <visualProperties x="202" y="94">
    <element href="assembly.xml#AsyncMediation1"/>
  </visualProperties>
  <visualProperties x="275" y="560">
    <element href="assembly.xml#Splitter"/>
  </visualProperties>
  <visualProperties x="2425" y="387">
    <element href="assembly.xml#AsyncMediation2"/>
  </visualProperties>
  <visualProperties x="2565" y="484">
    <element href="assembly.xml#CallSplitFileseftdd"/>
  </visualProperties>
  <visualProperties x="48" y="580">
    <element href="assembly.xml#splitFileseftdd"/>
  </visualProperties>
  <visualProperties x="648" y="733">
    <element href="assembly.xml#Aggregator100"/>
  </visualProperties>
  <visualProperties x="798" y="653">
    <element href="assembly.xml#Closeagg0"/>
  </visualProperties>
  <visualProperties x="1245" y="102">
    <element href="assembly.xml#CallCloseAgg0"/>
  </visualProperties>
  <visualProperties x="780" y="742">
    <element href="assembly.xml#AsyncMediation3"/>
  </visualProperties>
  <visualProperties x="1788" y="422">
    <element href="assembly.xml#Splitter0"/>
  </visualProperties>
  <visualProperties x="1950" y="668">
    <element href="assembly.xml#SFTPTransfer0"/>
  </visualProperties>
  <visualProperties x="2308" y="758">
    <element href="assembly.xml#SFTPTransfer"/>
  </visualProperties>
  <visualProperties x="1177" y="598">
    <element href="assembly.xml#AsyncMediation00"/>
  </visualProperties>
  <visualProperties x="2244" y="386">
    <element href="assembly.xml#AsyncMediation000"/>
  </visualProperties>
  <visualProperties x="1687" y="708">
    <element href="assembly.xml#AsyncMediation20"/>
  </visualProperties>
  <visualProperties x="2468" y="868">
    <element href="assembly.xml#AsyncMediation4"/>
  </visualProperties>
  <visualProperties>
    <element href="assembly.xml#Closeagg00"/>
  </visualProperties>
  <visualProperties>
    <element href="assembly.xml#Aggregator1000"/>
  </visualProperties>
  <visualProperties x="2602" y="940">
    <element href="assembly.xml#AsyncMediation30"/>
  </visualProperties>
  <visualProperties x="1534" y="128">
    <element href="assembly.xml#CallCloseAgg00"/>
  </visualProperties>
  <visualProperties x="1388" y="1740">
    <element href="assembly.xml#splitFileseftwire"/>
  </visualProperties>
  <visualProperties x="1050" y="526">
    <element href="assembly.xml#CallEFTDD"/>
  </visualProperties>
  <visualProperties x="1764" y="831">
    <element href="assembly.xml#CallEFTWire"/>
  </visualProperties>
  <visualProperties x="1410" y="568">
    <element href="assembly.xml#EFTDD"/>
  </visualProperties>
  <visualProperties x="1957" y="823">
    <element href="assembly.xml#EFTwire"/>
  </visualProperties>
  <visualProperties x="2465" y="557">
    <element href="assembly.xml#Closeagg1"/>
  </visualProperties>
  <visualProperties x="1362" y="145">
    <element href="assembly.xml#CallCloseAgg1"/>
  </visualProperties>
  <visualProperties x="-92" y="708">
    <element href="assembly.xml#Retrieval0"/>
  </visualProperties>
  <visualProperties>
    <element href="assembly.xml#AsyncMediation010"/>
  </visualProperties>
  <visualProperties>
    <element href="assembly.xml#PutIntegrationMessage0"/>
  </visualProperties>
  <visualProperties x="470" y="788">
    <element href="assembly.xml#RetrieveInputDocuments00"/>
  </visualProperties>
  <visualProperties x="700" y="606">
    <element href="assembly.xml#AsyncMediation02"/>
  </visualProperties>
  <visualProperties x="1882" y="158">
    <element href="assembly.xml#CallRetrieval0"/>
  </visualProperties>
  <visualProperties x="1701" y="1001">
    <element href="assembly.xml#Aggregator101"/>
  </visualProperties>
  <visualProperties x="2000" y="825">
    <element href="assembly.xml#calleftwire"/>
  </visualProperties>
  <visualProperties>
    <element href="assembly.xml#AsyncMediation6"/>
  </visualProperties>
  <visualProperties>
    <element href="assembly.xml#AsyncMediation50"/>
  </visualProperties>
  <visualProperties x="560" y="1215">
    <element href="assembly.xml#AsyncMediation5"/>
  </visualProperties>
  <visualProperties x="770" y="1234">
    <element href="assembly.xml#AsyncMediation7"/>
  </visualProperties>
  <visualProperties x="781" y="1201">
    <element href="assembly.xml#CallSubRoutine"/>
  </visualProperties>
  <visualProperties x="717" y="1403">
    <element href="assembly.xml#CallSubRoutine0"/>
  </visualProperties>
  <visualProperties>
    <element href="assembly.xml#Log"/>
  </visualProperties>
  <visualProperties>
    <element href="assembly.xml#AsyncMediation12"/>
  </visualProperties>
  <visualProperties>
    <element href="assembly.xml#CloseAggregatoraudit"/>
  </visualProperties>
  <visualProperties>
    <element href="assembly.xml#Aggregator"/>
  </visualProperties>
  <visualProperties>
    <element href="assembly.xml#AsyncMediation13"/>
  </visualProperties>
  <visualProperties>
    <element href="assembly.xml#PutIntegrationMessage2"/>
  </visualProperties>
  <visualProperties x="1601" y="126">
    <element href="assembly.xml#CallCloseAgg000"/>
  </visualProperties>
  <visualProperties x="1252" y="1549">
    <element href="assembly.xml#AsyncMediation8"/>
  </visualProperties>
  <visualProperties x="1396" y="1544">
    <element href="assembly.xml#AsyncMediation80"/>
  </visualProperties>
  <connections type="routesTo" sourceAnchorX="1.0" sourceAnchorY="0.13953488372093023" targetAnchorX="0.23790322580645162" targetAnchorY="0.5287356321839081">
    <source href="assembly.xml#AsyncMediation01"/>
    <target href="assembly.xml#RetrieveInputDocuments0"/>
  </connections>
  <connections type="routesTo" sourceAnchorX="0.6680851063829787" sourceAnchorY="1.0" targetAnchorX="0.028089887640449437" targetAnchorY="0.3695652173913043">
    <source href="assembly.xml#//@beans/@mixed.1/@route.0/@subRoute.0"/>
    <target href="assembly.xml#AsyncMediation0"/>
  </connections>
  <connections type="routesTo" sourceAnchorX="1.0" sourceAnchorY="0.12264150943396226" targetAnchorX="0.7471910112359551" targetAnchorY="0.5408163265306123">
    <source href="assembly.xml#Aggregator10"/>
    <target href="assembly.xml#AsyncMediation2"/>
  </connections>
  <connections type="routesTo" sourceAnchorX="1.0" sourceAnchorY="0.6666666666666666" targetAnchorX="0.4979253112033195" targetAnchorY="0.32432432432432434">
    <source href="assembly.xml#//@beans/@mixed.1/@mixed.3/@mixed.3"/>
    <target href="assembly.xml#PutIntegrationMessage"/>
  </connections>
  <connections type="routesTo" sourceAnchorX="0.7686567164179104" sourceAnchorY="1.0" targetAnchorX="0.7191011235955056" targetAnchorY="0.532608695652174">
    <source href="assembly.xml#StartHere"/>
    <target href="assembly.xml#AsyncMediation1"/>
  </connections>
  <connections type="routesTo" sourceAnchorX="0.5625" sourceAnchorY="1.0" targetAnchorX="0.10106382978723404" targetAnchorY="0.3875968992248062">
    <source href="assembly.xml#Retrieval"/>
    <target href="assembly.xml#AsyncMediation01"/>
  </connections>
  <connections type="routesResponseTo" sourceAnchorX="0.6981132075471698" sourceAnchorY="1.0" targetAnchorX="0.23030303030303031" targetAnchorY="0.4594594594594595">
    <source href="assembly.xml#CallRetrieval"/>
    <target href="assembly.xml#CallCloseAgg"/>
  </connections>
  <connections type="routesTo" sourceAnchorX="0.8120300751879699" sourceAnchorY="1.0" targetAnchorX="0.6318407960199005" targetAnchorY="0.0660377358490566">
    <source href="assembly.xml#Closeagg"/>
    <target href="assembly.xml#Aggregator10"/>
  </connections>
  <connections type="routesTo" sourceAnchorX="1.0" sourceAnchorY="0.2826086956521739" targetAnchorX="0.23270440251572327" targetAnchorY="0.16216216216216217">
    <source href="assembly.xml#AsyncMediation1"/>
    <target href="assembly.xml#CallRetrieval"/>
  </connections>
  <connections type="routesTo" sourceAnchorX="1.0" sourceAnchorY="0.32653061224489793" targetAnchorX="0.23383084577114427" targetAnchorY="0.7075471698113207">
    <source href="assembly.xml#AsyncMediation"/>
    <target href="assembly.xml#Aggregator100"/>
  </connections>
  <connections type="routesTo" sourceAnchorX="0.8601398601398601" sourceAnchorY="1.0" targetAnchorX="0.19900497512437812" targetAnchorY="0.18867924528301888">
    <source href="assembly.xml#Closeagg0"/>
    <target href="assembly.xml#Aggregator100"/>
  </connections>
  <connections type="routesTo" sourceAnchorX="0.8571428571428571" sourceAnchorY="1.0" targetAnchorX="0.21910112359550563" targetAnchorY="0.40217391304347827">
    <source href="assembly.xml#//@beans/@mixed.1/@splitter.1/@subRoute.0"/>
    <target href="assembly.xml#AsyncMediation5"/>
  </connections>
  <connections type="routesTo" sourceAnchorX="1.0" sourceAnchorY="0.29591836734693877" targetAnchorX="0.2983425414364641" targetAnchorY="0.918918918918919">
    <source href="assembly.xml#AsyncMediation3"/>
    <target href="assembly.xml#SFTPTransfer0"/>
  </connections>
  <connections type="routesTo" sourceAnchorX="1.0" sourceAnchorY="0.2755102040816326" targetAnchorX="0.26865671641791045" targetAnchorY="0.3018867924528302">
    <source href="assembly.xml#AsyncMediation000"/>
    <target href="assembly.xml#Aggregator10"/>
  </connections>
  <connections type="routesTo" sourceAnchorX="1.0" sourceAnchorY="0.7058823529411765" targetAnchorX="0.14606741573033707" targetAnchorY="0.4782608695652174">
    <source href="assembly.xml#//@beans/@mixed.1/@splitter.0/@subRoute.0"/>
    <target href="assembly.xml#AsyncMediation7"/>
  </connections>
  <connections type="routesTo" sourceAnchorX="0.8601398601398601" sourceAnchorY="1.0" targetAnchorX="0.19900497512437812" targetAnchorY="0.18867924528301888">
    <source href="assembly.xml#Closeagg00"/>
    <target href="assembly.xml#Aggregator1000"/>
  </connections>
  <connections type="routesTo" sourceAnchorX="1.0" sourceAnchorY="0.37755102040816324" targetAnchorX="0.31343283582089554" targetAnchorY="0.5094339622641509">
    <source href="assembly.xml#AsyncMediation4"/>
    <target href="assembly.xml#Aggregator1000"/>
  </connections>
  <connections type="routesTo" sourceAnchorX="1.0" sourceAnchorY="0.2830188679245283" targetAnchorX="0.19148936170212766" targetAnchorY="0.07142857142857142">
    <source href="assembly.xml#Aggregator1000"/>
    <target href="assembly.xml#AsyncMediation80"/>
  </connections>
  <connections type="routesTo" sourceAnchorX="1.0" sourceAnchorY="0.4387755102040816" targetAnchorX="0.30409356725146197" targetAnchorY="0.3783783783783784">
    <source href="assembly.xml#AsyncMediation30"/>
    <target href="assembly.xml#SFTPTransfer"/>
  </connections>
  <connections type="routesTo" sourceAnchorX="0.7784431137724551" sourceAnchorY="1.0" targetAnchorX="0.8595505617977528" targetAnchorY="0.14285714285714285">
    <source href="assembly.xml#splitFileseftdd"/>
    <target href="assembly.xml#AsyncMediation6"/>
  </connections>
  <connections type="routesTo" sourceAnchorX="1.0" sourceAnchorY="0.16326530612244897" targetAnchorX="0.26865671641791045" targetAnchorY="0.5135135135135135">
    <source href="assembly.xml#AsyncMediation2"/>
    <target href="assembly.xml#CallSplitFileseftdd"/>
  </connections>
  <connections type="routesTo" sourceAnchorX="0.6440677966101694" sourceAnchorY="1.0" targetAnchorX="0.10423452768729642" targetAnchorY="0.2653061224489796">
    <source href="assembly.xml#EFTDD"/>
    <target href="assembly.xml#AsyncMediation000"/>
  </connections>
  <connections type="routesTo" sourceAnchorX="0.3467741935483871" sourceAnchorY="1.0" targetAnchorX="0.2430939226519337" targetAnchorY="0.4897959183673469">
    <source href="assembly.xml#EFTwire"/>
    <target href="assembly.xml#AsyncMediation00"/>
  </connections>
  <connections type="routesTo" sourceAnchorX="1.0" sourceAnchorY="0.6666666666666666" targetAnchorX="0.4979253112033195" targetAnchorY="0.32432432432432434">
    <source href="assembly.xml#//@beans/@mixed.1/@mixed.81/@mixed.3"/>
    <target href="assembly.xml#PutIntegrationMessage0"/>
  </connections>
  <connections type="routesResponseTo" sourceAnchorX="0.7575757575757576" sourceAnchorY="1.0" targetAnchorX="0.6057142857142858" targetAnchorY="0.16216216216216217">
    <source href="assembly.xml#CallCloseAgg"/>
    <target href="assembly.xml#CallCloseAgg0"/>
  </connections>
  <connections type="routesTo" sourceAnchorX="1.0" sourceAnchorY="0.45918367346938777" targetAnchorX="0.6510067114093959" targetAnchorY="0.7567567567567568">
    <source href="assembly.xml#AsyncMediation0"/>
    <target href="assembly.xml#CallEFTDD"/>
  </connections>
  <connections type="routesTo" sourceAnchorX="0.5258620689655172" sourceAnchorY="1.0" targetAnchorX="0.29375" targetAnchorY="0.2702702702702703">
    <source href="assembly.xml#AsyncMediation02"/>
    <target href="assembly.xml#CallEFTWire"/>
  </connections>
  <connections type="routesTo" sourceAnchorX="1.0" sourceAnchorY="0.29457364341085274" targetAnchorX="0.17829457364341086" targetAnchorY="0.7068965517241379">
    <source href="assembly.xml#AsyncMediation010"/>
    <target href="assembly.xml#RetrieveInputDocuments00"/>
  </connections>
  <connections type="routesTo" sourceAnchorX="0.4489795918367347" sourceAnchorY="1.0" targetAnchorX="0.3793103448275862" targetAnchorY="0.37755102040816324">
    <source href="assembly.xml#//@beans/@mixed.1/@route.1/@subRoute.0"/>
    <target href="assembly.xml#AsyncMediation02"/>
  </connections>
  <connections type="routesTo" sourceAnchorX="0.9057971014492754" sourceAnchorY="1.0" targetAnchorX="0.37373737373737376" targetAnchorY="0.37209302325581395">
    <source href="assembly.xml#Retrieval0"/>
    <target href="assembly.xml#AsyncMediation010"/>
  </connections>
  <connections type="routesResponseTo" sourceAnchorX="0.44571428571428573" sourceAnchorY="1.0" targetAnchorX="0.6094674556213018" targetAnchorY="0.43243243243243246">
    <source href="assembly.xml#CallCloseAgg0"/>
    <target href="assembly.xml#CallRetrieval0"/>
  </connections>
  <connections type="routesTo" sourceAnchorX="1.0" sourceAnchorY="0.3163265306122449" targetAnchorX="0.24378109452736318" targetAnchorY="0.36792452830188677">
    <source href="assembly.xml#AsyncMediation00"/>
    <target href="assembly.xml#Aggregator101"/>
  </connections>
  <connections type="routesTo" sourceAnchorX="1.0" sourceAnchorY="0.32075471698113206" targetAnchorX="0.2393617021276596" targetAnchorY="0.6020408163265306">
    <source href="assembly.xml#Aggregator101"/>
    <target href="assembly.xml#AsyncMediation20"/>
  </connections>
  <connections type="routesTo" sourceAnchorX="0.5034965034965035" sourceAnchorY="1.0" targetAnchorX="0.27860696517412936" targetAnchorY="0.1792452830188679">
    <source href="assembly.xml#Closeagg1"/>
    <target href="assembly.xml#Aggregator101"/>
  </connections>
  <connections type="routesTo" sourceAnchorX="1.0" sourceAnchorY="0.12244897959183673" targetAnchorX="0.3284671532846715" targetAnchorY="0.5675675675675675">
    <source href="assembly.xml#AsyncMediation20"/>
    <target href="assembly.xml#calleftwire"/>
  </connections>
  <connections type="routesResponseTo" sourceAnchorX="0.6171428571428571" sourceAnchorY="1.0" targetAnchorX="0.33513513513513515" targetAnchorY="0.3783783783783784">
    <source href="assembly.xml#CallCloseAgg1"/>
    <target href="assembly.xml#CallCloseAgg00"/>
  </connections>
  <connections type="routesResponseTo" sourceAnchorX="0.46745562130177515" sourceAnchorY="1.0" targetAnchorX="0.12" targetAnchorY="0.6756756756756757">
    <source href="assembly.xml#CallRetrieval0"/>
    <target href="assembly.xml#CallCloseAgg1"/>
  </connections>
  <connections type="routesTo" sourceAnchorX="0.6833333333333333" sourceAnchorY="1.0" targetAnchorX="0.4946808510638298" targetAnchorY="0.7244897959183674">
    <source href="assembly.xml#splitFileseftwire"/>
    <target href="assembly.xml#AsyncMediation50"/>
  </connections>
  <connections type="routesTo" sourceAnchorX="1.0" sourceAnchorY="0.15306122448979592" targetAnchorX="0.23484848484848486" targetAnchorY="0.46551724137931033">
    <source href="assembly.xml#AsyncMediation6"/>
    <target href="assembly.xml#Splitter0"/>
  </connections>
  <connections type="routesTo" sourceAnchorX="1.0" sourceAnchorY="0.20408163265306123" targetAnchorX="0.11363636363636363" targetAnchorY="0.2988505747126437">
    <source href="assembly.xml#AsyncMediation50"/>
    <target href="assembly.xml#Splitter"/>
  </connections>
  <connections type="routesTo" sourceAnchorX="1.0" sourceAnchorY="0.25" targetAnchorX="0.6263736263736264" targetAnchorY="0.1891891891891892">
    <source href="assembly.xml#AsyncMediation5"/>
    <target href="assembly.xml#CallSubRoutine"/>
  </connections>
  <connections type="routesResponseTo" sourceAnchorX="0.6978021978021978" sourceAnchorY="1.0" targetAnchorX="0.17543859649122806" targetAnchorY="0.5102040816326531">
    <source href="assembly.xml#CallSubRoutine"/>
    <target href="assembly.xml#AsyncMediation"/>
  </connections>
  <connections type="routesTo" sourceAnchorX="1.0" sourceAnchorY="0.34782608695652173" targetAnchorX="0.4635416666666667" targetAnchorY="0.1891891891891892">
    <source href="assembly.xml#AsyncMediation7"/>
    <target href="assembly.xml#CallSubRoutine0"/>
  </connections>
  <connections type="routesResponseTo" sourceAnchorX="0.53125" sourceAnchorY="1.0" targetAnchorX="0.09550561797752809" targetAnchorY="0.5408163265306123">
    <source href="assembly.xml#CallSubRoutine0"/>
    <target href="assembly.xml#AsyncMediation4"/>
  </connections>
  <connections type="routesTo" sourceAnchorX="1.0" sourceAnchorY="0.40540540540540543" targetAnchorX="0.1347517730496454" targetAnchorY="0.6521739130434783">
    <source href="assembly.xml#Log"/>
    <target href="assembly.xml#AsyncMediation12"/>
  </connections>
  <connections type="routesTo" sourceAnchorX="1.0" sourceAnchorY="0.14893617021276595" targetAnchorX="0.2549019607843137" targetAnchorY="0.5471698113207547">
    <source href="assembly.xml#AsyncMediation12"/>
    <target href="assembly.xml#Aggregator"/>
  </connections>
  <connections type="routesTo" sourceAnchorX="0.56" sourceAnchorY="1.0" targetAnchorX="0.28104575163398693" targetAnchorY="0.18867924528301888">
    <source href="assembly.xml#CloseAggregatoraudit"/>
    <target href="assembly.xml#Aggregator"/>
  </connections>
  <connections type="routesTo" sourceAnchorX="1.0" sourceAnchorY="0.16037735849056603" targetAnchorX="0.15602836879432624" targetAnchorY="0.7872340425531915">
    <source href="assembly.xml#Aggregator"/>
    <target href="assembly.xml#AsyncMediation13"/>
  </connections>
  <connections type="routesTo" sourceAnchorX="1.0" sourceAnchorY="0.2872340425531915" targetAnchorX="0.3036649214659686" targetAnchorY="0.8918918918918919">
    <source href="assembly.xml#AsyncMediation13"/>
    <target href="assembly.xml#PutIntegrationMessage2"/>
  </connections>
  <connections type="routesResponseTo" sourceAnchorX="0.6810810810810811" sourceAnchorY="1.0" targetAnchorX="0.2153846153846154" targetAnchorY="0.7567567567567568">
    <source href="assembly.xml#CallCloseAgg00"/>
    <target href="assembly.xml#CallCloseAgg000"/>
  </connections>
  <connections type="routesTo" sourceAnchorX="1.0" sourceAnchorY="0.18867924528301888" targetAnchorX="0.19101123595505617" targetAnchorY="0.2857142857142857">
    <source href="assembly.xml#Aggregator100"/>
    <target href="assembly.xml#AsyncMediation8"/>
  </connections>
  <connections type="routesTo" sourceAnchorX="1.0" sourceAnchorY="0.22448979591836735" targetAnchorX="0.030463576158940398">
    <source href="assembly.xml#AsyncMediation8"/>
    <target href="assembly.xml#AsyncMediation3"/>
  </connections>
  <connections type="routesTo" sourceAnchorX="1.0" sourceAnchorY="0.2755102040816326" targetAnchorX="0.004993757802746567" targetAnchorY="0.7040816326530612">
    <source href="assembly.xml#AsyncMediation80"/>
    <target href="assembly.xml#AsyncMediation30"/>
  </connections>
  <swimlanes x="-113" y="45" name="Swimlane" alignment="MIDDLE">
    <elements href="assembly.xml#StartHere"/>
    <elements href="assembly.xml#AsyncMediation1"/>
    <elements href="assembly.xml#CallRetrieval"/>
    <elements href="assembly.xml#CallCloseAgg"/>
    <elements href="assembly.xml#CallCloseAgg0"/>
    <elements href="assembly.xml#CallRetrieval0"/>
    <elements href="assembly.xml#CallCloseAgg1"/>
    <elements href="assembly.xml#CallCloseAgg00"/>
    <elements href="assembly.xml#CallCloseAgg000"/>
  </swimlanes>
  <swimlanes x="-113" y="214" name="Swimlane" alignment="MIDDLE">
    <elements href="assembly.xml#Retrieval"/>
    <elements href="#//@swimlanes.2"/>
    <elements href="assembly.xml#RetrieveInputDocuments0"/>
    <elements href="assembly.xml#AsyncMediation0"/>
    <elements href="assembly.xml#CallEFTDD"/>
    <elements href="assembly.xml#EFTDD"/>
    <elements href="#//@swimlanes.7"/>
    <elements href="#//@swimlanes.3"/>
    <elements href="assembly.xml#AsyncMediation2"/>
    <elements href="assembly.xml#CallSplitFileseftdd"/>
  </swimlanes>
  <swimlanes x="195" y="289" name="Swimlane" orientation="VERTICAL" alignment="MIDDLE">
    <elements href="assembly.xml#AsyncMediation01"/>
    <elements href="assembly.xml#PutIntegrationMessage"/>
  </swimlanes>
  <swimlanes x="998" y="245" name="Swimlane" orientation="VERTICAL" alignment="MIDDLE">
    <elements href="assembly.xml#Closeagg"/>
    <elements href="assembly.xml#Aggregator10"/>
  </swimlanes>
  <swimlanes x="-113" y="917" name="Swimlane" alignment="MIDDLE">
    <elements href="#//@swimlanes.13"/>
    <elements href="#//@swimlanes.17"/>
    <elements href="#//@swimlanes.6"/>
    <elements href="#//@swimlanes.18"/>
    <elements href="#//@swimlanes.9"/>
    <elements href="#//@swimlanes.11"/>
    <elements href="assembly.xml#AsyncMediation8"/>
    <elements href="#//@swimlanes.12"/>
    <elements href="assembly.xml#SFTPTransfer0"/>
    <elements href="assembly.xml#SFTPTransfer"/>
  </swimlanes>
  <swimlanes x="473" y="681" name="Swimlane" orientation="VERTICAL" alignment="MIDDLE">
    <elements href="assembly.xml#Closeagg0"/>
    <elements href="assembly.xml#Aggregator100"/>
  </swimlanes>
  <swimlanes x="295" y="745" name="Swimlane" orientation="VERTICAL">
    <elements href="assembly.xml#Splitter0"/>
    <elements href="assembly.xml#Splitter"/>
  </swimlanes>
  <swimlanes x="1370" y="434" name="Swimlane" orientation="VERTICAL" alignment="MIDDLE">
    <elements href="assembly.xml#AsyncMediation000"/>
  </swimlanes>
  <swimlanes x="1365" y="640" name="Swimlane" orientation="VERTICAL" alignment="MIDDLE">
    <elements href="assembly.xml#Closeagg1"/>
    <elements href="assembly.xml#Aggregator101"/>
  </swimlanes>
  <swimlanes x="492" y="782" name="Swimlane" orientation="VERTICAL">
    <elements href="assembly.xml#AsyncMediation"/>
    <elements href="assembly.xml#AsyncMediation4"/>
  </swimlanes>
  <swimlanes x="2372" y="890" name="Swimlane" orientation="VERTICAL" alignment="MIDDLE">
    <elements href="assembly.xml#Closeagg00"/>
    <elements href="assembly.xml#Aggregator1000"/>
  </swimlanes>
  <swimlanes x="736" y="874" name="Swimlane" orientation="VERTICAL" elements="//@swimlanes.5 //@swimlanes.10"/>
  <swimlanes x="1024" y="942" name="Swimlane" orientation="VERTICAL">
    <elements href="assembly.xml#AsyncMediation3"/>
    <elements href="assembly.xml#AsyncMediation30"/>
  </swimlanes>
  <swimlanes x="64" y="1244" name="Swimlane" orientation="VERTICAL">
    <elements href="assembly.xml#splitFileseftdd"/>
    <elements href="assembly.xml#splitFileseftwire"/>
  </swimlanes>
  <swimlanes x="690" y="664" name="Swimlane" orientation="VERTICAL">
    <elements href="assembly.xml#CallEFTWire"/>
    <elements href="assembly.xml#EFTwire"/>
  </swimlanes>
  <swimlanes x="-113" y="573" name="Swimlane" alignment="MIDDLE">
    <elements href="assembly.xml#Retrieval0"/>
    <elements href="#//@swimlanes.16"/>
    <elements href="assembly.xml#RetrieveInputDocuments00"/>
    <elements href="assembly.xml#AsyncMediation02"/>
    <elements href="#//@swimlanes.14"/>
    <elements href="assembly.xml#AsyncMediation00"/>
    <elements href="#//@swimlanes.8"/>
    <elements href="assembly.xml#AsyncMediation20"/>
    <elements href="assembly.xml#calleftwire"/>
  </swimlanes>
  <swimlanes x="108" y="606" name="Swimlane" orientation="VERTICAL" alignment="MIDDLE">
    <elements href="assembly.xml#AsyncMediation010"/>
    <elements href="assembly.xml#PutIntegrationMessage0"/>
  </swimlanes>
  <swimlanes x="3196" y="824" name="Swimlane" orientation="VERTICAL">
    <elements href="assembly.xml#AsyncMediation6"/>
    <elements href="assembly.xml#AsyncMediation50"/>
  </swimlanes>
  <swimlanes x="573" y="1237" name="Swimlane" orientation="VERTICAL" alignment="MIDDLE">
    <elements href="assembly.xml#AsyncMediation5"/>
    <elements href="assembly.xml#CallSubRoutine"/>
    <elements href="assembly.xml#AsyncMediation7"/>
    <elements href="assembly.xml#CallSubRoutine0"/>
  </swimlanes>
  <swimlanes bgColor="12632256" name="Swimlane" orientation="VERTICAL" alignment="MIDDLE">
    <elements href="assembly.xml#CloseAggregatoraudit"/>
    <elements href="assembly.xml#Aggregator"/>
  </swimlanes>
  <swimlanes x="-60" y="1572" bgColor="16777215" name="Swimlane" alignment="MIDDLE">
    <elements href="assembly.xml#Log"/>
    <elements href="assembly.xml#AsyncMediation12"/>
    <elements href="#//@swimlanes.19"/>
    <elements href="assembly.xml#AsyncMediation13"/>
    <elements href="assembly.xml#PutIntegrationMessage2"/>
  </swimlanes>
</wdnm:Diagram>
